Resort,Country,PC1,PC2,Cluster,Cluster_Name,DayPassPriceAdult,Price_vs_Cluster_Avg,BeginnerSlope,IntermediateSlope,DifficultSlope,TotalSlope,VerticalDrop,SnowCannons,GondolaLifts,ChairLifts,TotalLifts,resort_size_category
Alpendorf (Ski amedé),Austria,1.1751110864096532,-0.16535368268564687,3,Mid-Size Resort,52.0,6.395348837209305,30,81,4,115,1240,600,11,16,49,Very Large
Soldeu-Pas de la Casa/​Grau Roig/​El Tarter/​Canillo/​Encamp (Grandvalira),Andorra,2.6355940824619823,-1.260733397087191,2,Large Resort,47.0,-6.611111111111114,100,77,33,210,930,1032,7,28,72,Very Large
Oberau (Wildschönau),Austria,-2.0001452373581885,-0.8168343579634462,0,Small/Budget Resort,30.0,-6.210526315789473,1,0,1,2,230,0,0,0,2,Small
Dachstein West,Austria,-0.6779187854586285,-0.19740401980996114,0,Small/Budget Resort,42.0,5.789473684210527,15,33,3,51,840,163,3,8,36,Large
Rosa Khutor,Southern Russia,0.8162342742307297,0.4004700667658876,3,Mid-Size Resort,22.0,-23.604651162790695,30,26,21,77,1380,450,10,11,27,Large
Białka Tatrzańska-Kotelnica-​Kaniówka-​Bania,Poland,-1.8832648244336736,-0.8955312352617936,0,Small/Budget Resort,23.0,-13.210526315789473,12,3,0,16,230,0,0,1,8,Small
Vitosha-Sofia,Bulgaria,-0.8409548448124509,1.0636305817684353,3,Mid-Size Resort,18.0,-27.604651162790695,12,6,2,20,1564,0,2,5,15,Small
Szczyrk-Skrzyczne,Poland,-1.2623725226723834,-0.1868211179878939,0,Small/Budget Resort,20.0,-16.210526315789473,22,7,4,35,733,0,1,4,16,Medium
Jahorina,Bosnia and Herzegovina,-1.1675775734485574,0.25155430387842465,0,Small/Budget Resort,20.0,-16.210526315789473,3,19,3,25,969,0,1,5,11,Small
Kobla-Bohinj,Slovenia,-1.3264296145233159,0.13289419712828646,0,Small/Budget Resort,22.0,-14.210526315789473,12,10,1,23,940,30,0,3,6,Small
Aillons-Margériaz,France,-1.7078897656951757,-0.6300535730318915,0,Small/Budget Resort,19.0,-17.210526315789473,18,4,1,24,415,0,0,1,8,Small
Gornaya Karusel,Southern Russia,-1.7210736497542016,-0.5330182272738268,0,Small/Budget Resort,22.0,-14.210526315789473,4,15,1,20,420,0,0,1,4,Small
Kaiseregg-​Riggisalp-Schwarzsee,Switzerland,-1.410199326859802,-0.2672764970312179,0,Small/Budget Resort,34.0,-2.2105263157894726,14,5,1,20,700,46,1,3,15,Small
St. Pierre de Chartreuse-Le Planolet,France,-1.2303693685142936,0.11473484926148293,0,Small/Budget Resort,21.0,-15.210526315789473,18,12,5,35,900,35,0,2,5,Medium
Buchenberg-Buching-Halblech-,Germany,-1.8950383093825733,-0.6952018107407827,0,Small/Budget Resort,25.0,-11.210526315789473,2,4,0,6,330,0,0,1,3,Small
Méribel (Les 3 Vallées),France,11.068588544433377,-1.7997051974014002,1,Mega-Resort,61.0,3.3333333333333357,312,216,72,600,2120,2383,40,63,165,Very Large
​Les Menuires (Les 3 Vallées),France,11.068588544433377,-1.7997051974014002,1,Mega-Resort,61.0,3.3333333333333357,312,216,72,600,2120,2383,40,63,165,Very Large
Les Sybelles-Le Corbier-​La Toussuire-​Les Bottières-​St Colomban des Villards-​St Sorlin-​St Jean d’Arves,France,2.7231068892101473,0.5313511972877459,2,Large Resort,44.0,-9.611111111111114,53,239,18,310,1520,514,0,28,72,Very Large
Le Grand Massif-Flaine-​Les Carroz-​Morillon-​Samoëns-​Sixt,France,3.7613642362404827,-0.17079582669867047,2,Large Resort,47.0,-6.611111111111114,135,95,35,265,1782,1100,9,29,72,Very Large
Megève-​Saint-Gervais,France,3.309801793808608,-0.1345279845490795,2,Large Resort,46.0,-7.611111111111114,98,134,31,263,1503,888,9,27,86,Very Large
Laax-​Flims-​Falera,Switzerland,1.80720734510993,1.2133778061636613,3,Mid-Size Resort,68.0,22.395348837209305,88,81,19,188,1918,300,11,9,33,Very Large
Vars-​Risoul-La Forêt Blanche,France,0.8107494127785801,0.23341747428629347,3,Mid-Size Resort,39.0,-6.604651162790695,75,90,20,185,1100,0,2,17,51,Very Large
Kicking Horse,France,0.6013482441920945,-1.242195641192956,3,Mid-Size Resort,39.0,-6.604651162790695,56,93,30,180,108,281,4,13,38,Very Large
Le Grand Domaine-Valmorel-​Doucy-​Celliers-​St François Longchamp,France,1.0253925731914901,-0.16748122755676495,3,Mid-Size Resort,44.0,-1.6046511627906952,115,35,15,165,1300,332,3,17,56,Very Large
Galibier Thabor-Valmeinier-​Valloire,France,0.8551777630009588,-0.19575318889976234,3,Mid-Size Resort,39.0,-6.604651162790695,75,60,15,150,1164,400,2,17,31,Very Large
Zillertal Arena-Zell am Ziller-​Gerlos-​Königsleiten-​Hochkrimml,Austria,2.3041794627632672,0.6095303687741825,2,Large Resort,52.0,-1.6111111111111143,43,89,11,143,1920,792,13,21,56,Very Large
La Molina-​Masella-Alp2500,Spain,1.042475384640278,-1.0900868676454367,3,Mid-Size Resort,45.0,-0.6046511627906952,76,47,18,141,915,1010,1,13,33,Very Large
Auron-Saint-Etienne-de-Tinée-,France,0.38821476201229527,-0.9223918611137358,3,Mid-Size Resort,34.0,-11.604651162790695,60,45,30,135,450,440,3,9,19,Very Large
Alta Badia,Italy,1.5737417551001927,-0.45688530055835047,3,Mid-Size Resort,52.0,6.395348837209305,70,52,8,130,1226,391,11,30,59,Very Large
La Clusaz-​Manigod,France,0.9572864136360686,0.5629785385290434,3,Mid-Size Resort,37.0,-8.604651162790695,62,40,23,125,1437,223,7,14,49,Very Large
Espace Villard Corrençon-Villard-de-Lans-​Corrençon-en-Vercors,France,0.39679133991768745,0.04113965736935189,3,Mid-Size Resort,36.0,-9.604651162790695,50,50,25,125,1000,339,3,7,28,Very Large
Val Cenis-Lanslevillard-​Lanslebourg-​Termignon,France,0.46936498832023227,0.4973661403780679,3,Mid-Size Resort,36.0,-9.604651162790695,73,42,10,125,1500,200,2,13,28,Very Large
Isola 2000,France,0.11960084509223572,-0.6895445135163385,3,Mid-Size Resort,34.0,-11.604651162790695,75,35,10,120,803,430,3,7,22,Very Large
Obersaxen-​Mundaun-​Val Lumnezia,Switzerland,0.19442725125456642,0.0817068534105633,3,Mid-Size Resort,51.0,5.395348837209305,60,40,20,120,1109,297,0,9,19,Very Large
Les 7 Laux-Prapoutel-​Le Pleynet-​Pipay,France,0.34546237606987645,0.3964681305456264,3,Mid-Size Resort,36.0,-9.604651162790695,46,36,38,120,1050,200,1,8,24,Very Large
Corvatsch-​Furtschellas,Switzerland,0.20993270007570342,1.31626769442327,3,Mid-Size Resort,69.0,23.395348837209305,13,89,17,120,1506,0,3,6,14,Very Large
Nassfeld-Hermagor,Austria,0.6354060432065365,0.41403507408727674,3,Mid-Size Resort,46.0,0.3953488372093048,30,69,11,110,1402,483,5,9,30,Very Large
Mondolè Ski-Artesina-​Frabosa Soprana-​Prato Nevoso,Italy,-0.7532753251987548,-1.3958714742312734,0,Small/Budget Resort,33.0,-3.2105263157894726,42,51,11,105,4,0,0,14,33,Very Large
Aletsch Arena-Riederalp-​Bettmeralp-​Fiesch Eggishorn,Switzerland,0.6001484804604499,0.08127882691811991,3,Mid-Size Resort,53.0,7.395348837209305,42,50,12,104,1086,258,12,8,38,Very Large
Bad Kleinkirchheim-​St. Oswald,Austria,0.46920617310213536,-0.4787814218658985,3,Mid-Size Resort,47.0,1.3953488372093048,18,77,8,103,968,800,4,7,28,Very Large
Bardonecchia,Italy,-0.17528525668636064,0.6568005710203516,3,Mid-Size Resort,36.0,-9.604651162790695,54,38,8,100,1382,0,1,9,23,Large
Saint-Lary-Soulan,France,-0.039005819484627356,-0.5919065797817307,3,Mid-Size Resort,42.0,-3.604651162790695,60,30,10,100,788,290,3,11,31,Large
Orcières Merlette 1850,France,-0.4123643835491779,-0.09010547797194658,3,Mid-Size Resort,34.0,-11.604651162790695,55,38,7,100,875,0,3,7,30,Large
Dévoluy-Superdévoluy-​La Joue du Loup,France,-0.3285230274232929,-0.03822717950026419,3,Mid-Size Resort,36.0,-9.604651162790695,60,30,10,100,1000,180,1,5,24,Large
Grand Tourmalet-​Pic du Midi-La Mongie-​Barèges,France,-0.014191382138065728,0.2975264067966151,3,Mid-Size Resort,42.0,-3.604651162790695,58,35,7,100,1250,0,2,15,38,Large
Parsenn (Davos Klosters),Switzerland,0.7422690227771079,1.825538627480363,3,Mid-Size Resort,61.0,15.395348837209305,20,60,16,96,2034,169,8,6,18,Large
Åre,Sweden,-0.4599181419771078,0.036420268810409544,3,Mid-Size Resort,45.0,-0.6046511627906952,45,38,8,91,894,0,4,5,36,Large
Alto Sangro-Roccaraso-​Rivisondoli,Italy,-0.15920736573554028,0.002847994660323322,3,Mid-Size Resort,41.0,-4.604651162790695,37,32,20,90,832,0,4,11,26,Large
Chamrousse,France,-0.510062922899015,-0.12110600577148843,0,Small/Budget Resort,34.0,-2.2105263157894726,45,35,10,90,850,78,1,7,16,Large
Valberg-​Beuil les Launes,France,-0.41484256674759057,-0.8044174810818406,0,Small/Budget Resort,32.0,-4.210526315789473,45,35,10,90,608,400,0,7,29,Large
Adelboden-​Lenk-Chuenisbärgli-​Silleren-​Hahnenmoos-​Metsch,Switzerland,-0.23843273489528702,-1.6117484926301084,0,Small/Budget Resort,55.0,18.789473684210527,44,38,6,88,188,500,6,8,26,Large
Rinderberg-​Saanerslochgrat-​Horneggli-Zweisimmen-​Saanenmöser-​Schönried-​St. Stephan,Switzerland,-0.36657246749598893,0.06363098696363652,3,Mid-Size Resort,54.0,8.395348837209305,62,21,4,88,1063,0,4,8,21,Large
Graukogel-Bad Gastein,Austria,-1.469738153232033,0.21179003844515376,0,Small/Budget Resort,36.0,-0.21052631578947256,3,6,2,11,928,0,0,2,3,Small
Les Portes du Mont-Blanc-Combloux-​Megève le Jaillet-​La Giettaz,France,-0.6874064257678445,-0.1828578894456853,0,Small/Budget Resort,35.0,-1.2105263157894726,28,50,7,85,722,0,1,8,25,Large
Le Grand Bornand,France,-0.0627543317675517,-0.08206808979136064,3,Mid-Size Resort,37.0,-8.604651162790695,49,27,8,84,1100,233,2,13,33,Large
Kaltenbach-Hochzillertal-​Hochfügen-SKi-optimal-,Austria,0.6642784997419726,0.980259873734462,3,Mid-Size Resort,52.0,6.395348837209305,28,41,13,83,1778,400,5,12,39,Large
Grimentz-​Zinal,Switzerland,-0.03737095287250216,0.9012379153389299,3,Mid-Size Resort,51.0,5.395348837209305,26,28,26,80,1330,96,3,5,21,Large
Civetta-Alleghe-​Selva di Cadore-​Palafavera-​Zoldo,Italy,-0.2643396261186259,0.20802733521951294,3,Mid-Size Resort,43.0,-2.604651162790695,30,44,6,80,1100,100,3,10,23,Large
Ax les Thermes,France,-0.658026856246704,-0.21512509304186406,0,Small/Budget Resort,37.0,0.7894736842105274,40,25,15,80,680,0,2,6,19,Large
Damüls Mellau,Austria,-0.15237041696899348,0.4046817738360107,3,Mid-Size Resort,49.0,3.395348837209305,37,39,1,79,1360,130,2,13,25,Large
Zell am See,Austria,0.5639188126176411,0.19246068566808194,3,Mid-Size Resort,50.0,4.395348837209305,30,28,19,77,1240,450,8,10,27,Large
Cerler,Spain,-0.4841271753580073,0.4022052691689194,3,Mid-Size Resort,42.0,-3.604651162790695,35,27,14,76,1116,0,0,9,19,Large
Three Peaks Dolomites-Helm-​Stiergarten-​Rotwand-​Kreuzbergpass,Italy,-0.044784572481877005,0.33162276116622247,3,Mid-Size Resort,51.0,5.395348837209305,17,39,18,75,1070,250,6,4,30,Large
Puy St. Vincent,France,-0.3636508934282975,0.5948087684936391,3,Mid-Size Resort,34.0,-11.604651162790695,28,34,13,75,1270,95,0,8,12,Large
Folgaria-​Fiorentini,Italy,-0.37889988123042384,-0.8490612409058713,0,Small/Budget Resort,40.0,3.7894736842105274,36,32,5,74,650,280,0,17,30,Large
Titlis-Engelberg,Switzerland,0.43183511130220287,1.6065885337723183,3,Mid-Size Resort,57.0,11.395348837209305,34,26,12,72,2020,180,7,6,20,Large
Trysil,Norway,-0.3724081971526603,-0.5563937857838702,0,Small/Budget Resort,46.0,9.789473684210527,33,18,20,71,685,418,0,7,36,Large
Nauders am Reschenpass-Bergkastel,Austria,-0.33351391015258525,0.9457473600223765,3,Mid-Size Resort,42.0,-3.604651162790695,24,34,13,71,1450,92,1,5,17,Large
Grossarltal-​Dorfgastein,Austria,-0.40410293933131597,0.4253510831577007,3,Mid-Size Resort,50.0,4.395348837209305,25,43,1,70,1183,0,5,8,20,Large
Katschberg,Austria,0.14206991553020626,-0.1168759593825424,3,Mid-Size Resort,46.0,0.3953488372093048,10,50,10,70,1154,750,2,6,17,Large
Valfréjus,France,-0.5765997594374506,0.4371977686017951,3,Mid-Size Resort,29.0,-16.604651162790695,40,20,10,70,1187,80,1,4,10,Large
Savognin,Switzerland,-0.5687706273156534,0.8959239934352209,3,Mid-Size Resort,50.0,4.395348837209305,32,38,0,70,1513,100,1,2,13,Large
Scuol-Motta Naluns,Switzerland,-0.25190373060187277,0.9659938187371049,3,Mid-Size Resort,50.0,4.395348837209305,27,32,11,70,1535,136,1,6,13,Large
Passo San Pellegrino-​Falcade,Italy,-0.40257493924035026,0.7267616124903503,3,Mid-Size Resort,47.0,1.3953488372093048,20,38,8,67,1323,0,2,9,17,Large
Piau Engaly,France,-0.728647987316875,0.3907333718679271,3,Mid-Size Resort,37.0,-8.604651162790695,35,22,8,65,1140,40,0,5,10,Large
Flumserberg,Switzerland,-0.7952856672931348,-0.7279225189238486,0,Small/Budget Resort,51.0,14.789473684210527,10,38,17,65,240,0,4,8,21,Large
Super Sauze,France,-0.7301717797353797,0.2367356862756238,0,Small/Budget Resort,30.0,-6.210526315789473,35,20,10,65,1050,100,0,4,22,Large
Bukovel,Ukraine,-0.7642333580899958,-0.6674038774886867,0,Small/Budget Resort,32.0,-4.210526315789473,26,28,11,65,482,0,0,15,18,Large
La Norma,France,-0.47898214559094754,0.7856947571617607,3,Mid-Size Resort,29.0,-16.604651162790695,17,43,5,65,1400,126,1,5,13,Large
Pal-​Arinsal-La Massana-Vallnord-,Andorra,-0.5067220081875602,-1.226677997086606,0,Small/Budget Resort,37.0,0.7894736842105274,31,24,8,63,320,296,4,12,31,Large
Arabba,Italy,0.20478133049536634,-0.7997232090199866,3,Mid-Size Resort,49.0,3.395348837209305,32,22,8,62,876,620,4,16,23,Large
Wildkogel-Neukirchen-​Bramberg,Austria,-0.10569288810402068,0.4440661665114268,3,Mid-Size Resort,44.0,-1.6046511627906952,28,25,9,62,1330,335,5,4,24,Large
Hintertux Glacier,Austria,0.198206969737721,1.222983697250645,3,Mid-Size Resort,52.0,6.395348837209305,14,35,11,60,1750,260,6,6,22,Large
Disentis 3000,Switzerland,-0.5149700996365387,1.2805542469504263,3,Mid-Size Resort,49.0,3.395348837209305,20,30,10,60,1606,4,1,3,13,Large
Belalp-Blatten,Switzerland,-0.22525409483070977,1.6763323412704552,3,Mid-Size Resort,49.0,3.395348837209305,20,20,20,60,1796,0,2,3,13,Large
San Martino di Castrozza,Italy,-0.24856180457426233,-0.024905125538248907,3,Mid-Size Resort,44.0,-1.6046511627906952,16,32,12,60,953,150,3,14,24,Large
Meiringen-Hasliberg,Switzerland,-0.867592503848094,-0.5982008900251751,0,Small/Budget Resort,50.0,13.789473684210527,20,34,6,60,455,75,5,4,15,Large
Toggenburg-Wildhaus-​Unterwasser-​Alt St. Johann,Switzerland,-0.4857472085780682,0.8694183072185823,3,Mid-Size Resort,52.0,6.395348837209305,10,45,5,60,1362,55,4,3,25,Large
Alpe di Siusi-Seiser Alm-,Italy,-0.5859134301083702,-0.4981404593767151,0,Small/Budget Resort,54.0,17.789473684210527,14,45,1,60,669,70,3,15,27,Large
Le Lioran,France,-0.6537661150604763,-0.5050319241674212,0,Small/Budget Resort,31.0,-5.210526315789473,30,20,10,60,690,241,1,8,22,Large
Saint Luc-​Chandolin-Anniviers-,Switzerland,-0.5553007159822613,0.8250689068428669,3,Mid-Size Resort,47.0,1.3953488372093048,20,30,10,60,1370,104,1,3,15,Large
Les Karellis,France,-0.7879300401450567,0.04309593911009762,0,Small/Budget Resort,27.0,-9.210526315789473,26,25,9,60,920,98,0,6,16,Large
Peyragudes,France,-0.7086155718218388,-0.4103882285441285,0,Small/Budget Resort,40.0,3.7894736842105274,30,26,4,60,800,230,0,9,17,Large
Leysin,Switzerland,-0.8024339003501748,-0.09217247810975605,0,Small/Budget Resort,45.0,8.789473684210527,43,15,2,60,955,72,1,7,16,Large
Ponte di Legno-Passo ​Tonale-​Presena Glacier-​Temù-Pontedilegno-Tonale-,Italy,0.3080022838625707,1.4495580886615087,3,Mid-Size Resort,42.0,-3.604651162790695,10,40,9,59,1895,0,4,19,30,Large
Eggli-​La Videmanette-Gstaad-​Saanen-​Rougemont,Switzerland,-0.594361135900782,0.4184267532095363,3,Mid-Size Resort,54.0,8.395348837209305,35,17,5,58,1159,0,5,4,17,Large
Anzère,Switzerland,-0.8122331455711483,0.17031895699706742,0,Small/Budget Resort,46.0,9.789473684210527,12,37,9,58,920,120,1,3,14,Large
Borovets,Bulgaria,-0.5586958315907322,0.495744772592867,3,Mid-Size Resort,28.0,-17.604651162790695,24,29,5,58,1260,160,2,4,14,Large
Font-Romeu-​Bolquère Pyrénées 2000,France,-0.49062409004960167,-1.0043326308503289,0,Small/Budget Resort,38.0,1.7894736842105274,30,19,9,58,563,535,1,8,24,Large
Oppdal,Norway,-1.2180314388206508,-0.15286801271380687,0,Small/Budget Resort,44.0,7.789473684210527,40,7,9,56,715,0,0,0,1,Large
Brévent-​Flégère-Chamonix-,France,-0.08218454711479137,1.1688108015882843,3,Mid-Size Resort,51.0,5.395348837209305,11,25,20,56,1495,0,5,8,19,Large
Les Houches-​Saint-Gervais-Prarion-​Bellevue-Chamonix-,France,-0.8847880276543026,-0.8454132936832894,0,Small/Budget Resort,43.0,6.789473684210527,25,25,5,55,416,133,3,8,16,Large
Ylläs,Finland,-1.239328502282309,-0.4124706786818938,0,Small/Budget Resort,42.0,5.789473684210527,21,28,6,55,518,36,1,1,29,Large
Belvedere-​Col Rodella-​Ciampac-​Buffaure-Canazei-​Campitello-​Alba-​Pozza di Fassa,Italy,0.13380994213158093,0.25722548602092377,3,Mid-Size Resort,48.0,2.395348837209305,7,40,7,55,1108,0,10,18,39,Large
Lauchernalp-Lötschental,Switzerland,-0.35530208890055776,1.4795541143042672,3,Mid-Size Resort,48.0,2.395348837209305,20,17,18,55,1692,28,2,2,6,Large
Grossglockner Heiligenblut,Austria,-0.46405491491319434,1.2739943470983917,3,Mid-Size Resort,44.0,-1.6046511627906952,20,34,1,55,1688,60,4,1,13,Large
Brandnertal-Brand-​Bürserberg,Austria,-0.6449004864075376,0.2697348386255846,3,Mid-Size Resort,46.0,0.3953488372093048,22,30,3,55,1096,82,3,6,15,Large
Alpe du Grand-Serre-La Morte,France,-1.1639496387918418,-0.10898925934641214,0,Small/Budget Resort,27.0,-9.210526315789473,36,17,2,55,817,0,0,3,15,Large
Les Angles,France,-0.6601025020044826,-0.3727799388958059,0,Small/Budget Resort,38.0,1.7894736842105274,22,23,10,55,776,363,1,4,20,Large
Kopaonik,Serbia,-0.43278316233661795,-0.32258047508057996,0,Small/Budget Resort,30.0,-6.210526315789473,30,19,6,55,960,315,0,13,27,Large
Aussois,France,-0.7624917210644089,0.4463431325682538,3,Mid-Size Resort,29.0,-16.604651162790695,30,22,3,55,1250,130,0,4,8,Large
First-Grindelwald,Switzerland,-0.5401246295367851,0.9036398434727878,3,Mid-Size Resort,55.0,9.395348837209305,30,15,8,53,1451,38,3,3,9,Large
Sörenberg-Rothorn-​Dorf,Switzerland,-0.74861297488676,0.6256396105710356,3,Mid-Size Resort,44.0,-1.6046511627906952,30,15,8,53,1240,0,2,3,17,Large
Riserva Bianca-Limone Piemonte,Italy,-0.7222227600867952,0.22102239184796932,0,Small/Budget Resort,34.0,-2.2105263157894726,11,35,5,52,1014,0,1,11,17,Large
Gitschberg Jochtal,Italy,-0.7573401580211785,-0.39004465186480036,0,Small/Budget Resort,46.0,9.789473684210527,17,25,9,51,582,90,6,4,24,Large
Schilthorn-Mürren-​Lauterbrunnen,Switzerland,0.16312979162049307,1.9888975324660894,3,Mid-Size Resort,55.0,9.395348837209305,19,23,9,51,2174,38,6,7,16,Large
Pila,Italy,-0.23824241247832043,-0.24345535159340462,3,Mid-Size Resort,42.0,-3.604651162790695,8,35,6,50,970,480,4,8,17,Medium
Brigels-​Waltensburg-​Andiast,Switzerland,-0.7957372870154705,0.6674115050166436,3,Mid-Size Resort,49.0,3.395348837209305,13,33,3,50,1308,100,0,4,13,Medium
Aprica,Italy,-0.8334043853454711,0.4011534836123642,0,Small/Budget Resort,38.0,1.7894736842105274,28,14,7,50,1108,0,2,4,16,Medium
Bormio-Cima Bianca,Italy,-0.26438440276323943,1.2101590169032979,3,Mid-Size Resort,40.0,-5.604651162790695,14,34,2,50,1787,240,2,5,15,Medium
Sedrun-Oberalp,Switzerland,-1.0958907772524824,0.025146435889794722,0,Small/Budget Resort,53.0,16.789473684210527,10,35,5,50,800,0,0,5,12,Medium
Grosseck-​Speiereck-Mauterndorf-​St. Michael,Austria,-0.5825140048882211,0.5646087213235929,3,Mid-Size Resort,41.0,-4.604651162790695,26,17,7,50,1305,150,2,4,12,Medium
Hirmentaz-​Les Habères-Bellevaux-​Habère-Poche,France,-1.1640065274297196,-0.3235843722672023,0,Small/Budget Resort,24.0,-12.210526315789473,30,17,3,50,687,0,0,6,33,Medium
Pragelato,Italy,-0.9280433016314097,0.9188624965191936,3,Mid-Size Resort,43.0,-2.604651162790695,14,32,4,50,1365,0,0,1,5,Medium
Porté Puymorens,France,-0.980659959540876,0.05023086715619679,0,Small/Budget Resort,30.0,-6.210526315789473,21,20,9,50,871,70,0,4,9,Medium
Mythenregion,Switzerland,-1.1923746621782885,-0.49388719274977083,0,Small/Budget Resort,39.0,2.7894736842105274,18,31,1,50,497,55,4,0,15,Medium
Candanchú,Spain,-0.9959041119447072,-0.043232255917202804,0,Small/Budget Resort,41.0,4.789473684210527,15,18,15,50,722,0,0,6,25,Medium
Zugspitze,Germany,-0.9859171596025336,0.7334164402487132,3,Mid-Size Resort,45.0,-0.6046511627906952,7,13,0,20,1300,0,4,2,10,Small
Lindvallen-​Högfjället-Sälen-,Sweden,-1.4948799139654214,-0.817247168048073,0,Small/Budget Resort,41.0,4.789473684210527,22,17,3,42,308,0,0,4,53,Medium
Jasná Nízke Tatry-Chopok,Slovakia,-0.12933026733985548,-0.2324769246760812,3,Mid-Size Resort,39.0,-6.604651162790695,19,17,7,44,1061,527,5,8,32,Medium
Tandådalen-​Hundfjället-Sälen-,Sweden,-1.3556037089088124,-0.6987923329173392,0,Small/Budget Resort,41.0,4.789473684210527,18,15,12,45,300,0,0,4,46,Medium
Gazprom Mountain Resort-Laura-– Esto-Sadok-Sotschi-,Southern Russia,-1.2159087740034726,-0.6858378164816207,0,Small/Budget Resort,32.0,-4.210526315789473,7,10,2,20,402,0,6,6,18,Small
Steinplatte-​Winklmoosalm-Waidring-​Reit im Winkl,Austria,-0.6888155046590435,0.21280443583373423,0,Small/Budget Resort,46.0,9.789473684210527,18,22,2,42,1120,107,2,9,14,Medium
Rigi,Switzerland,-1.4355596418319199,0.13162197368313525,0,Small/Budget Resort,44.0,7.789473684210527,4,4,0,9,876,0,3,0,7,Small
Métabief,France,-1.3422641301982072,-0.7247203132810726,0,Small/Budget Resort,26.0,-10.210526315789473,19,18,2,40,420,0,0,8,28,Medium
Latemar-Obereggen-​Pampeago-​Predazzo,Italy,-0.6471912769087008,-0.7840436143755533,0,Small/Budget Resort,47.0,10.789473684210527,9,32,7,48,490,200,3,13,22,Medium
Mariborsko Pohorje-Maribor,Slovenia,-0.9243790976067241,0.12794713213047737,0,Small/Budget Resort,31.0,-5.210526315789473,23,13,5,41,1002,92,1,5,22,Medium
Praz de Lys-​Sommand-Taninges-​Mieussy-,France,-1.093743236307558,-0.2501058779614014,0,Small/Budget Resort,29.0,-7.210526315789473,22,16,6,45,726,60,0,6,24,Medium
Espace Dôle-La Dôle-​Les Tuffes,France,-1.5296627028649474,-0.45396501519586097,0,Small/Budget Resort,27.0,-9.210526315789473,17,8,2,28,541,0,0,3,21,Medium
Kreischberg,Austria,-0.6224923099341021,0.5854843549964683,3,Mid-Size Resort,44.0,-1.6046511627906952,17,16,9,42,1250,110,3,4,14,Medium
Garmisch-Classic-Garmisch-Partenkirchen,Germany,-0.6244197905486456,0.836027091000948,3,Mid-Size Resort,43.0,-2.604651162790695,12,18,10,40,1318,0,4,4,19,Medium
Carezza Ski,Italy,-0.7664988931528225,0.23238466294411794,0,Small/Budget Resort,41.0,4.789473684210527,21,14,3,40,1137,175,2,5,20,Medium
Pizol-Bad Ragaz-​Wangs,Switzerland,-1.4018774223093544,-1.2073268999004336,0,Small/Budget Resort,51.0,14.789473684210527,14,21,8,43,20,62,2,4,11,Medium
SuperBesse-Puy de Sancy,France,-0.9888623506421796,-0.8142953702440902,0,Small/Budget Resort,32.0,-4.210526315789473,30,9,4,43,550,299,1,5,22,Medium
Stöten,Sweden,-1.5977709439176635,-0.7065597072290342,0,Small/Budget Resort,41.0,4.789473684210527,26,3,3,32,387,0,0,2,19,Medium
Fellhorn-​Kanzelwand-Oberstdorf-​Riezlern,Austria,-0.7647751611439048,0.1723565274042075,0,Small/Budget Resort,45.0,8.789473684210527,13,19,2,34,1047,110,4,6,17,Medium
Idre Fjäll,Sweden,-1.5162985068005683,-0.8049437916630241,0,Small/Budget Resort,40.0,3.7894736842105274,17,22,2,41,302,0,0,4,25,Medium
Großglockner Resort Kals-Matrei,Austria,-0.6398535337016653,1.0521970650041381,3,Mid-Size Resort,47.0,1.3953488372093048,8,22,6,37,1489,0,3,5,17,Medium
Pamporovo,Bulgaria,-1.369002596870301,-0.9832752093878171,0,Small/Budget Resort,28.0,-8.210526315789473,17,6,5,29,306,130,0,7,13,Medium
Abetone-​Val di Luce,Italy,-0.9726640222237412,-0.4948358332811026,0,Small/Budget Resort,30.0,-6.210526315789473,14,28,1,44,652,110,1,10,17,Medium
Gerlitzen,Austria,-1.1488153869946973,-0.6616980048059856,0,Small/Budget Resort,45.0,8.789473684210527,10,27,3,41,480,120,1,7,18,Medium
Paganella-Andalo,Italy,-0.791156774314534,0.25162937201363567,0,Small/Budget Resort,40.0,3.7894736842105274,9,22,1,33,1095,0,2,12,18,Medium
Melchsee-Frutt-Kerns-,Switzerland,-0.7596298832082847,0.4523608276918076,3,Mid-Size Resort,44.0,-1.6046511627906952,20,6,10,36,1175,110,2,4,11,Medium
Vall de Núria,Spain,-1.3613605153299857,0.38806651973991846,0,Small/Budget Resort,30.0,-6.210526315789473,4,2,1,7,1052,0,2,1,6,Small
Arêches-Beaufort-,France,-0.6818172330980433,0.7323202585011811,3,Mid-Size Resort,29.0,-16.604651162790695,15,20,15,50,1250,45,0,5,14,Medium
Špindlerův Mlýn,Czech Republic,-1.4660131110557206,-0.4727211199736505,0,Small/Budget Resort,34.0,-2.2105263157894726,8,13,2,24,533,0,0,6,23,Small
Les Mosses-​La Lécherette,Switzerland,-1.6054293652439082,-0.5153514122224069,0,Small/Budget Resort,31.0,-5.210526315789473,10,30,0,40,425,0,0,0,14,Medium
Cimone-Montecreto-​Sestola-​Le Polle,Italy,-0.5702463616115584,0.29893757523534487,3,Mid-Size Resort,35.0,-10.604651162790695,15,25,10,50,1076,0,1,13,20,Medium
Luchon Superbagnères,France,-1.0093739904517673,-0.21700945192825813,0,Small/Budget Resort,34.0,-2.2105263157894726,16,10,6,32,805,180,1,5,13,Medium
Lélex-​Crozet,France,-1.4640281909518171,-0.953578118107495,0,Small/Budget Resort,28.0,-8.210526315789473,16,7,4,28,260,120,2,2,19,Medium
Alpika Service,Southern Russia,-0.5216830556541687,1.3827803284312672,3,Mid-Size Resort,22.0,-23.604651162790695,10,10,5,25,1693,0,7,1,9,Small
Sinaia,Romania,-1.6036169992560443,-1.1113385228058665,0,Small/Budget Resort,32.0,-4.210526315789473,3,11,4,20,46,0,4,3,9,Small
Gourette-Eaux Bonnes-,France,-0.7523882517347821,0.21617620437913684,0,Small/Budget Resort,38.0,1.7894736842105274,18,13,4,35,1100,158,3,5,12,Medium
Rauriser Hochalmbahnen-Rauris,Austria,-0.9239306229700085,0.6470898475175785,3,Mid-Size Resort,43.0,-2.604651162790695,15,12,5,32,1235,35,3,1,10,Medium
Hoch-Ybrig-Unteriberg-​Oberiberg,Switzerland,-1.0316790224019339,0.011218368564711301,0,Small/Budget Resort,46.0,9.789473684210527,15,30,5,50,815,0,1,5,14,Medium
Meran 2000,Italy,-0.9975053111454577,0.2070607451244635,0,Small/Budget Resort,39.0,2.7894736842105274,12,25,3,40,961,0,2,5,10,Medium
Nätschen-Andermatt,Switzerland,-1.14822352180089,0.17632432531066758,0,Small/Budget Resort,44.0,7.789473684210527,8,5,8,21,900,0,2,4,7,Small
Albiez-Montrond,France,-1.3064156386216632,-0.2812974647843699,0,Small/Budget Resort,25.0,-11.210526315789473,25,7,3,35,700,0,0,5,13,Medium
Tarvisio-Monte Lussari,Italy,-0.9752849934498474,0.213541563574021,0,Small/Budget Resort,35.0,-1.2105263157894726,9,11,5,25,998,0,2,8,15,Small
Mount Parnassos-Fterolakka-​Kellaria,Greece,-1.0629029675319086,-0.20306436083756074,0,Small/Budget Resort,30.0,-6.210526315789473,18,15,3,36,700,0,5,3,17,Medium
Moelltal Glacier-Mölltaler Gletscher-,Austria,-1.174732716203679,0.05741913735092315,0,Small/Budget Resort,47.0,10.789473684210527,5,7,4,17,886,45,2,5,9,Small
Wendelstein-Brannenburg-​Osterhofen,Germany,-1.3851961421685128,0.2951173275023646,0,Small/Budget Resort,35.0,-1.2105263157894726,0,7,4,11,932,0,2,0,4,Small
Glenshee,United Kingdom,-1.615517853484254,-0.9277684534127575,0,Small/Budget Resort,33.0,-3.2105263157894726,24,10,2,36,250,6,0,3,21,Medium
Sulden am Ortler-Solda all'Ortles-,Italy,-0.5211522375764045,0.8639310043713209,3,Mid-Size Resort,41.0,-4.604651162790695,17,13,14,44,1350,0,3,6,13,Medium
Poiana Brașov,Romania,-1.2001074802261285,-0.14513892850790383,0,Small/Budget Resort,32.0,-4.210526315789473,5,2,5,13,778,145,3,2,10,Small
Hinterstoder-Höss,Austria,-0.5227591011935777,0.7383369953718955,3,Mid-Size Resort,44.0,-1.6046511627906952,12,18,10,40,1400,267,2,2,19,Medium
St. Jean Montclar,France,-0.9444415663615935,0.4702645740037694,0,Small/Budget Resort,28.0,-8.210526315789473,25,20,5,50,1150,0,0,4,14,Medium
Port del Comte,Spain,-1.3111957033939297,-0.4186451156939082,0,Small/Budget Resort,33.0,-3.2105263157894726,20,15,5,40,565,0,0,5,16,Medium
Tänndalen,Sweden,-1.5963591199706626,-0.7916451278559162,0,Small/Budget Resort,41.0,4.789473684210527,20,15,3,38,295,0,0,2,17,Medium
Feldberg-Seebuck-​Grafenmatt-​Fahl,Germany,-1.419058572207065,-0.36662284224972674,0,Small/Budget Resort,35.0,-1.2105263157894726,7,14,5,26,560,0,0,5,14,Medium
Pitztal Glacier-Pitztaler Gletscher-,Austria,-1.2768731789019194,0.24564721523389577,0,Small/Budget Resort,48.0,11.789473684210527,3,16,0,20,945,0,3,1,7,Small
Tauplitz-Bad Mitterndorf,Austria,-1.3971191248817554,-1.2321797886273664,0,Small/Budget Resort,41.0,4.789473684210527,18,18,6,42,84,135,1,4,19,Medium
Hochoetz-Oetz,Austria,-1.1222330330876056,-0.46940195640438687,0,Small/Budget Resort,37.0,0.7894736842105274,12,21,3,36,590,89,2,6,15,Medium
Rosshütte-Seefeld,Austria,-1.1311153835375451,-0.20152693223181023,0,Small/Budget Resort,44.0,7.789473684210527,10,9,1,20,834,208,2,3,13,Small
Malbun,Liechtenstein,-1.6084030933255764,-0.6391082302371828,0,Small/Budget Resort,42.0,5.789473684210527,11,9,3,23,400,16,0,3,9,Small
Špičák,Czech Republic,-1.8590304375919806,-0.7047807558006857,0,Small/Budget Resort,23.0,-13.210526315789473,3,3,0,8,348,30,0,1,12,Small
Riesneralm-Donnersbachwald,Austria,-1.1888418369381493,-0.06354805886552221,0,Small/Budget Resort,40.0,3.7894736842105274,15,12,3,30,870,137,0,3,8,Medium
Berwang-​Bichlbach-​Rinnen,Austria,-1.233586561632569,-0.42406895796094723,0,Small/Budget Resort,42.0,5.789473684210527,24,10,1,36,676,130,1,3,15,Medium
Glungezer-Tulfes,Austria,-1.1741285390639882,0.8263981938122301,0,Small/Budget Resort,30.0,-6.210526315789473,7,15,0,23,1354,2,0,2,8,Small
Fanningberg,Austria,-1.4506300661774516,-0.2672837048994911,0,Small/Budget Resort,41.0,4.789473684210527,11,5,7,24,618,36,0,2,6,Small
Turracher Höhe,Austria,-0.9391140919217079,-0.2565565551329528,0,Small/Budget Resort,45.0,8.789473684210527,14,24,3,42,805,220,1,5,18,Medium
Indoor ski area Snow Arena-Druskininkai,Lithuania,-2.0652425514715502,-1.1128993429137042,0,Small/Budget Resort,29.0,-7.210526315789473,1,0,0,1,66,16,0,1,5,Small
Niedere-Andelsbuch-​Bezau,Austria,-1.3588903830780379,0.37997069569205,0,Small/Budget Resort,31.0,-5.210526315789473,5,4,1,10,1060,2,1,2,8,Small
Wurzeralm-Spital am Pyhrn,Austria,-1.2031582388857067,0.3269297200724073,0,Small/Budget Resort,41.0,4.789473684210527,10,10,2,22,1060,57,1,2,8,Small
Präbichl-Vordernberg,Austria,-1.5361314584747876,-0.5020775296636408,0,Small/Budget Resort,37.0,0.7894736842105274,6,11,3,20,508,90,0,2,6,Small
Pfelders-Moos in Passeier-,Italy,-1.344847920063429,0.17636904450133947,0,Small/Budget Resort,33.0,-3.2105263157894726,5,9,4,18,901,35,1,1,6,Small
Mitterdorf-Almberg-– Mitterfirmiansreut,Germany,-1.8800089344591002,-0.7656714914854631,0,Small/Budget Resort,23.0,-13.210526315789473,2,2,1,6,298,31,0,1,10,Small
Lavarone,Italy,-1.4040580998975802,-0.6611736944815304,0,Small/Budget Resort,36.0,-0.21052631578947256,19,5,2,27,500,70,0,6,15,Medium
Geißkopf-Bischofsmais,Germany,-1.907066380668211,-0.7781868566010861,0,Small/Budget Resort,24.0,-12.210526315789473,1,5,0,8,281,16,0,1,9,Small
Donovaly-Park Snow-,Slovakia,-1.714769002439047,-0.5631143984633474,0,Small/Budget Resort,26.0,-10.210526315789473,5,5,0,11,447,30,1,1,25,Small
Sudelfeld-Bayrischzell,Germany,-1.2225955902052492,-0.2307451644655036,0,Small/Budget Resort,33.0,-3.2105263157894726,5,24,3,32,713,100,0,5,15,Medium
Grüntenlifte-Kranzegg-Rettenberg-,Germany,-1.546060733066433,0.022590411285056074,0,Small/Budget Resort,31.0,-5.210526315789473,2,14,0,16,800,12,0,1,9,Small
Grebenzen-St. Lambrecht,Austria,-1.5418529331379291,0.08962548427815097,0,Small/Budget Resort,34.0,-2.2105263157894726,2,9,0,12,860,25,0,1,7,Small
Kirchdorf,Austria,-2.0025279274278764,-0.9966364208946882,0,Small/Budget Resort,30.0,-6.210526315789473,3,2,0,5,140,6,0,1,4,Small
Nebelhorn-Oberstdorf,Germany,-0.9829663085826862,0.9090031627137795,3,Mid-Size Resort,44.0,-1.6046511627906952,2,5,4,11,1396,30,3,2,8,Small
Lachtal,Austria,-1.479907241621905,-0.3004227410321844,0,Small/Budget Resort,41.0,4.789473684210527,7,16,2,25,622,53,0,2,10,Small
Ramsau am Dachstein-Rittisberg,Austria,-1.5517934444956676,-0.35784114833299163,0,Small/Budget Resort,36.0,-0.21052631578947256,14,10,1,25,601,40,0,1,15,Small
Eibenstock,Germany,-2.0639331611895213,-1.0564565321896766,0,Small/Budget Resort,18.0,-18.210526315789473,0,0,0,1,95,8,0,1,3,Small
Bürchen-​Törbel-Moosalp,Switzerland,-1.266643572024149,0.4868982616355452,0,Small/Budget Resort,39.0,2.7894736842105274,5,15,5,25,1070,7,0,1,9,Small
Guzet,France,-1.0022048620492745,0.16844725404827834,0,Small/Budget Resort,31.0,-5.210526315789473,20,14,6,40,1000,100,0,4,15,Medium
Schetteregg-Egg,Austria,-1.886173204202174,-0.8019610589675332,0,Small/Budget Resort,32.0,-4.210526315789473,3,6,1,10,255,6,0,1,8,Small
Fichtelberg-Oberwiesenthal,Germany,-1.6049840443482044,-0.8861952663412159,0,Small/Budget Resort,26.0,-10.210526315789473,6,6,2,15,304,141,1,2,9,Small
Bellwald,Switzerland,-1.4294705937612189,-0.5642195819988277,0,Small/Budget Resort,45.0,8.789473684210527,9,21,6,36,396,26,1,2,6,Medium
Klewenalp-​Stockhütte-Beckenried-​Emmetten,Switzerland,-1.2096553058557347,-0.102905343300969,0,Small/Budget Resort,45.0,8.789473684210527,15,25,0,40,764,0,2,3,14,Medium
Schöneck-Skiwelt-,Germany,-2.0166077246762306,-0.9992093310636688,0,Small/Budget Resort,20.0,-16.210526315789473,1,1,0,3,140,16,0,1,6,Small
Indoor ski area SnowWorld Landgraaf,Netherlands,-1.833462356942747,-1.2649231980314695,0,Small/Budget Resort,42.0,5.789473684210527,0,0,0,1,60,4,0,9,19,Small
Štrbské Pleso,Slovakia,-1.7038696843057424,-0.5827430906889315,0,Small/Budget Resort,35.0,-1.2105263157894726,2,5,0,8,464,52,0,3,8,Small
Gaissau-Hintersee,Austria,-1.3595437662975263,-0.08774304834313053,0,Small/Budget Resort,35.0,-1.2105263157894726,23,10,0,34,817,0,0,3,9,Medium
Kellerjoch-Schwaz,Austria,-1.8203696375365774,-0.739991413978949,0,Small/Budget Resort,29.0,-7.210526315789473,5,2,2,10,312,5,0,2,6,Small
Hochrindl-Sirnitz,Austria,-1.7175394399301165,-0.6619082827957522,0,Small/Budget Resort,32.0,-4.210526315789473,5,11,3,20,346,30,0,1,12,Small
La Bresse-Hohneck,France,-1.2609857759535206,-0.9036347789752252,0,Small/Budget Resort,29.0,-7.210526315789473,13,7,1,21,478,300,0,6,18,Small
Silbersattel-Steinach,Germany,-1.9566318018751936,-0.8250981632405409,0,Small/Budget Resort,19.0,-17.210526315789473,2,1,0,4,252,6,0,1,4,Small
Lammeralm-Langenwang,Austria,-1.5483868535008045,-0.9229257600485427,0,Small/Budget Resort,29.0,-7.210526315789473,2,3,2,8,250,24,3,6,11,Small
Kitzbüheler Horn,Austria,-1.225018064175514,0.5592491756063315,0,Small/Budget Resort,40.0,3.7894736842105274,6,9,2,17,1200,55,0,2,9,Small
Myrkdalen,Norway,-1.2103809792296296,-0.35566317200198194,0,Small/Budget Resort,44.0,7.789473684210527,13,12,4,30,610,32,3,4,9,Medium
Loser-Altaussee,Austria,-1.0713945524982296,0.09722521106919257,0,Small/Budget Resort,40.0,3.7894736842105274,18,12,3,33,920,50,3,2,8,Medium
Christlum-Achenkirch,Austria,-1.283039835104966,0.09959304684063891,0,Small/Budget Resort,44.0,7.789473684210527,6,16,5,27,850,0,0,4,13,Medium
Grasgehren-Bolgengrat,Germany,-1.8628937446572071,-0.7467479442099789,0,Small/Budget Resort,25.0,-11.210526315789473,3,8,0,11,300,10,0,1,6,Small
Götschen-Bischofswiesen,Germany,-1.75054711648719,-0.5386432823913462,0,Small/Budget Resort,25.0,-11.210526315789473,2,1,4,8,427,35,0,1,3,Small
Torrent-Leukerbad,Switzerland,-0.5664049685100518,0.8109220757189584,3,Mid-Size Resort,46.0,0.3953488372093048,3,26,16,47,1199,40,5,1,14,Medium
Monte Popolo-Eben im Pongau,Austria,-1.5852478338026315,-0.1502725688503121,0,Small/Budget Resort,36.0,-0.21052631578947256,4,2,0,6,750,55,0,2,4,Small
Jochgrimm-Passo Oclini-,Italy,-1.460989682159679,-0.6619855008758504,0,Small/Budget Resort,17.0,-19.210526315789473,4,2,1,7,400,20,5,3,8,Small
Alpe Lusia-Moena-​Bellamonte,Italy,-1.0377751868675853,0.23725120038165337,0,Small/Budget Resort,47.0,10.789473684210527,12,10,4,27,970,0,4,3,10,Medium
Unternberg-Ruhpolding-,Germany,-1.7065705480214879,-0.14318619905960642,0,Small/Budget Resort,20.0,-16.210526315789473,1,1,0,2,707,15,0,1,4,Small
Diavolezza-​Lagalb,Switzerland,-1.1920535701887052,0.32086698224606547,0,Small/Budget Resort,59.0,22.789473684210527,0,21,10,31,915,20,0,2,11,Medium
Kubínska hoľa,Slovakia,-1.443518612824589,-0.19955600506425822,0,Small/Budget Resort,26.0,-10.210526315789473,2,10,2,14,676,60,2,1,5,Small
Gålå,Norway,-1.7293658653592612,-0.7550739611953229,0,Small/Budget Resort,43.0,6.789473684210527,13,5,1,19,348,50,0,1,8,Small
Kvitfjell,Norway,-1.215241174644452,-0.018354523109593474,0,Small/Budget Resort,45.0,8.789473684210527,19,10,5,34,854,90,0,2,16,Medium
Molines-en-Queyras-​Saint-Véran,France,-1.1536842052088443,0.2549878568418764,0,Small/Budget Resort,29.0,-7.210526315789473,20,12,1,33,1050,0,0,5,14,Medium
Tatranská Lomnica,Slovakia,-1.1180677812043958,0.5561508375199881,0,Small/Budget Resort,35.0,-1.2105263157894726,5,5,1,11,1302,216,0,1,4,Small
Kanin-Sella Nevea-​Bovec,Slovenia,-1.3616779078785397,-0.2977117340643282,0,Small/Budget Resort,35.0,-1.2105263157894726,4,6,0,10,643,0,4,4,11,Small
Postwiesen Skidorf-Neuastenberg,Germany,-1.9664827223059314,-1.0212287111326328,0,Small/Budget Resort,26.0,-10.210526315789473,3,3,1,8,125,23,0,1,9,Small
Oberjoch-Bad Hindelang-– Iseler,Germany,-1.4503173982620032,-0.6267771622189997,0,Small/Budget Resort,38.0,1.7894736842105274,6,24,2,32,429,70,0,4,6,Medium
Mönichkirchen-​Mariensee,Austria,-1.5427171584026138,-0.422114611684663,0,Small/Budget Resort,35.0,-1.2105263157894726,5,6,2,13,580,80,0,3,6,Small
Grächen,Switzerland,-0.8958359942632064,0.6516284568417792,3,Mid-Size Resort,48.0,2.395348837209305,9,31,2,42,1245,0,1,5,15,Medium
Puigmal,France,-1.2788923250644555,0.17906279167327055,0,Small/Budget Resort,37.0,0.7894736842105274,9,15,7,32,870,0,0,2,13,Medium
Kranzberg-Mittenwald,Germany,-1.769802420015158,-0.6298047754176948,0,Small/Budget Resort,29.0,-7.210526315789473,6,7,2,15,370,8,0,1,10,Small
Wetterstein lifts-Wettersteinbahnen-– Ehrwald,Austria,-1.4926707083210862,-0.5073307590104164,0,Small/Budget Resort,43.0,6.789473684210527,15,5,3,23,530,33,0,4,10,Small
Stuhleck-Spital am Semmering,Austria,-1.1482379730934715,-0.020070217578684924,0,Small/Budget Resort,42.0,5.789473684210527,18,6,0,24,997,240,0,2,9,Small
Glacier 3000 / Les Diablerets,Switzerland,-0.6214142664955741,1.402119456804863,3,Mid-Size Resort,54.0,8.395348837209305,9,3,12,25,1673,0,3,3,10,Small
Rossfeld - Berchtesgaden - Oberau,Germany,-1.9552005896737936,-0.8198631354091394,0,Small/Budget Resort,20.0,-16.210526315789473,7,1,0,8,254,0,0,0,4,Small
Les Arcs /​ Peisey-Vallandry (Paradiski),France,2.8769553697987784,0.5239964689719804,2,Large Resort,50.0,-3.6111111111111143,104,70,26,200,2026,793,8,27,52,Very Large
Tignes - ​Val d'Isère,France,4.61682122732354,0.019981808694855708,2,Large Resort,56.0,2.3888888888888857,170,78,52,300,1906,848,11,42,86,Very Large
Livigno – Carosello/​Mottolino,Italy,0.3177672137559251,0.286930595606567,3,Mid-Size Resort,46.0,0.3953488372093048,30,65,20,115,982,0,6,13,44,Very Large
Courchevel (Les 3 Vallées),France,11.068588544433377,-1.7997051974014002,1,Mega-Resort,61.0,3.3333333333333357,312,216,72,600,2120,2383,40,63,165,Very Large
Les Gets (Les Portes du Soleil),France,7.86695313585956,-1.7913857812628113,1,Mega-Resort,51.0,-6.666666666666664,310,210,60,580,1466,1074,11,74,174,Very Large
Avoriaz (Les Portes du Soleil),France,7.86695313585956,-1.7913857812628113,1,Mega-Resort,51.0,-6.666666666666664,310,210,60,580,1466,1074,11,74,174,Very Large
Châtel (Les Portes du Soleil),France,7.86695313585956,-1.7913857812628113,1,Mega-Resort,51.0,-6.666666666666664,310,210,60,580,1466,1074,11,74,174,Very Large
Kitzbühel / Kirchberg (KitzSki),Austria,2.6231770960160983,-1.176740225120878,2,Large Resort,55.0,1.3888888888888857,101,61,17,179,1200,1102,11,28,54,Very Large
Obergurgl-Hochgurgl,Austria,0.6559108425427382,0.5015321613190469,3,Mid-Size Resort,50.0,4.395348837209305,35,55,20,110,1289,320,8,7,28,Very Large
Hafjell,Norway,-1.022330699990257,-0.21462436326704348,0,Small/Budget Resort,45.0,8.789473684210527,33,7,4,44,835,150,1,3,18,Medium
Voss,Norway,-1.171192419018264,-0.24078426524444482,0,Small/Budget Resort,43.0,6.789473684210527,25,4,11,40,676,40,0,4,11,Medium
Kaunertal Glacier (Kaunertaler Gletscher),Austria,-1.3447869247977657,0.15308062585226564,0,Small/Budget Resort,43.0,6.789473684210527,14,4,2,21,928,0,1,2,9,Small
Geilosiden Geilo,Norway,-1.35317235227931,-0.829869758095973,0,Small/Budget Resort,44.0,7.789473684210527,18,12,4,34,378,100,0,6,24,Medium
Ski Juwel Alpbachtal Wildschönau,Austria,0.3429273677791913,0.3388880186734449,3,Mid-Size Resort,46.0,0.3953488372093048,25,53,13,93,1195,294,8,7,47,Large
Reither Kogel-Reith im Alpbachtal,Austria,-1.7297398755193072,-0.2526993464650123,0,Small/Budget Resort,46.0,9.789473684210527,1,3,0,4,610,0,1,0,5,Small
Ellmau (SkiWelt Wilder Kaiser-Brixental),Austria,4.788941616167443,-1.4682487962382678,2,Large Resort,49.0,-4.611111111111114,122,129,33,284,1337,1700,16,35,105,Very Large
Westendorf (SkiWelt Wilder Kaiser-Brixental),Austria,4.788941616167443,-1.4682487962382678,2,Large Resort,49.0,-4.611111111111114,122,129,33,284,1337,1700,16,35,105,Very Large
Söll (SkiWelt Wilder Kaiser-Brixental),Austria,4.788941616167443,-1.4682487962382678,2,Large Resort,49.0,-4.611111111111114,122,129,33,284,1337,1700,16,35,105,Very Large
Kitzsteinhorn - Kaprun,Austria,-0.5525006401047202,0.2217747182550984,3,Mid-Size Resort,50.0,4.395348837209305,13,25,3,41,1051,105,7,5,17,Medium
Saint Martin de Belleville (Les 3 Vallées),France,11.068588544433377,-1.7997051974014002,1,Mega-Resort,61.0,3.3333333333333357,312,216,72,600,2120,2383,40,63,165,Very Large
La Plagne (Paradiski),France,3.0935788889871065,0.5135888174201326,2,Large Resort,50.0,-3.6111111111111143,139,59,27,225,1960,417,12,32,100,Very Large
Schladming (4-Berge-Skischauke),Austria,1.3582801266415898,-0.24935191820863808,3,Mid-Size Resort,52.0,6.395348837209305,46,68,8,123,1270,600,10,20,46,Very Large
Alpe d'Huez,France,4.37893735979905,1.3121944613479042,2,Large Resort,51.0,-2.6111111111111143,70,130,50,250,2205,963,20,21,68,Very Large
Formigal,Spain,0.33284906855423,-0.5173703367730501,3,Mid-Size Resort,44.0,-1.6046511627906952,47,70,20,137,750,440,0,11,20,Very Large
Axamer Lizum,Austria,-1.2256286955928535,-0.11120819752307483,0,Small/Budget Resort,38.0,1.7894736842105274,7,21,2,30,760,0,1,6,10,Medium
Bansko,Bulgaria,-0.17838223243178503,0.6470179270454118,3,Mid-Size Resort,30.0,-15.604651162790695,20,24,3,48,1570,380,2,8,17,Medium
Baqueira / ​Beret,Spain,1.1036535470742836,-0.6365795878785838,3,Mid-Size Resort,50.0,4.395348837209305,79,52,19,150,1039,629,2,19,35,Very Large
Hochkönig-Maria Alm/​Dienten/​Mühlbach,Austria,0.6100485734652319,-0.13847151712323086,3,Mid-Size Resort,52.0,6.395348837209305,52,41,19,112,1100,520,5,9,35,Very Large
Bonneval sur Arc,France,-1.222475017436006,0.47680720809940474,0,Small/Budget Resort,28.0,-8.210526315789473,13,11,1,25,1150,0,0,3,11,Small
Brauneck Lenggries ​Wegscheid,Germany,-1.093081326581174,0.33179861965659413,0,Small/Budget Resort,35.0,-1.2105263157894726,8,22,4,34,1012,0,1,4,21,Medium
Brunni - Engelberg,Switzerland,-1.4400955498763623,0.3213535751135692,0,Small/Budget Resort,38.0,1.7894736842105274,2,3,2,7,990,0,1,1,5,Small
Madonna di Campiglio-​Pinzolo-​Folgàrida-​Marilleva,Italy,2.3333897923325946,0.865824021936433,2,Large Resort,50.0,-3.6111111111111143,60,68,22,150,1734,0,17,34,65,Very Large
Le Lys - Cauterets,France,-1.417888514498892,-0.6443777876375536,0,Small/Budget Resort,37.0,0.7894736842105274,21,12,3,36,428,0,1,4,11,Medium
Pont d'Espagne - Cauterets,France,-1.902161925638018,-0.8442971648571013,0,Small/Budget Resort,35.0,-1.2105263157894726,3,1,0,4,240,0,1,1,4,Small
Cervinia,Switzerland,4.847050739441216,1.264094877154577,2,Large Resort,81.0,27.388888888888886,75,220,27,322,2337,1060,20,22,63,Very Large
Grands Montets-Argentière (Chamonix),France,-0.27082775055938785,1.960164529844231,3,Mid-Size Resort,62.0,16.395348837209305,6,9,14,29,2023,0,4,4,9,Medium
Balme-​Les Autannes-Vallorcine-​Le Tour,France,-1.2996744943751537,-0.01242943751754887,0,Small/Budget Resort,51.0,14.789473684210527,13,16,0,29,817,0,2,2,12,Medium
Crans-Montana,Switzerland,0.1522692707865534,0.23849710325560158,3,Mid-Size Resort,60.0,14.395348837209305,55,70,15,140,970,0,5,6,23,Very Large
Rinerhorn (Davos Klosters),Switzerland,-1.0948444063096143,0.4758372839562065,0,Small/Budget Resort,48.0,11.789473684210527,10,22,8,40,1036,14,1,0,7,Medium
Jakobshorn (Davos Klosters),Switzerland,-0.7857183441651532,0.09978193915092952,0,Small/Budget Resort,58.0,21.789473684210527,25,13,2,41,1050,140,3,5,13,Medium
Madrisa (Davos Klosters),Switzerland,-0.9120582501706063,1.0984007325528407,3,Mid-Size Resort,52.0,6.395348837209305,6,9,9,26,1469,9,1,2,10,Medium
Cortina d'Ampezzo,Italy,1.2702529459919096,0.8885767813403637,3,Mid-Size Resort,52.0,6.395348837209305,45,55,20,120,1700,130,6,26,40,Very Large
St. Moritz - Corviglia,Switzerland,1.0706700655018782,0.8277551822188697,3,Mid-Size Resort,69.0,23.395348837209305,42,79,34,155,1337,170,5,12,28,Very Large
Espace Diamant-Les Saisies/​Notre-Dame-de-Bellecombe/​Praz sur Arly/​Flumet/​Crest-Voland,France,1.4135657854362236,-1.0104122679768204,3,Mid-Size Resort,40.0,-5.604651162790695,132,49,11,192,1069,472,0,30,83,Very Large
Fonna Glacier,Norway,-1.981188209183061,-0.7850001488877596,0,Small/Budget Resort,42.0,5.789473684210527,2,2,0,5,260,0,0,0,1,Small
Galtür,Austria,-0.9722669625241392,-0.11491240952323963,0,Small/Budget Resort,40.0,3.7894736842105274,6,25,12,43,700,133,2,2,13,Medium
Glencoe Mountain,United Kingdom,-1.421841135210004,-0.06322419189682739,0,Small/Budget Resort,35.0,-1.2105263157894726,7,10,7,24,710,0,0,2,8,Small
Golm,Austria,-0.7264084929776388,0.7969051349571652,3,Mid-Size Resort,48.0,2.395348837209305,13,12,1,26,1460,123,3,4,11,Medium
Grandvalira – Pas de la Casa/​Grau Roig/​Soldeu/​El Tarter/​Canillo/​Encamp,Andorra,2.6355940824619823,-1.260733397087191,2,Large Resort,47.0,-6.611111111111114,100,77,33,210,930,1032,7,28,72,Very Large
El Tarter – Pas de la Casa/​Grau Roig/​Soldeu/​Canillo/​Encamp (Grandvalira),Andorra,2.6355940824619823,-1.260733397087191,2,Large Resort,47.0,-6.611111111111114,100,77,33,210,930,1032,7,28,72,Very Large
Gresse en Vercors,France,-1.578770224845791,-0.43845227316173896,0,Small/Budget Resort,19.0,-17.210526315789473,8,7,5,20,506,51,0,1,11,Small
Wasserngrat (Gstaad),Switzerland,-1.691714338824926,-0.2314678218555474,0,Small/Budget Resort,54.0,17.789473684210527,3,3,2,9,625,0,0,1,1,Small
Wispile (Gstaad),Switzerland,-1.4785200905949856,0.17811423758857603,0,Small/Budget Resort,54.0,17.789473684210527,3,3,1,8,895,0,2,0,5,Small
Heiti - Gsteig (Gstaad),Switzerland,-2.0763914770588663,-0.9561462940420934,0,Small/Budget Resort,54.0,17.789473684210527,0,0,0,1,143,0,0,0,1,Small
Arosa Lenzerheide,Switzerland,1.8820346357527729,0.9206930558508164,3,Mid-Size Resort,63.0,17.395348837209305,111,87,27,225,1636,0,8,18,50,Very Large
Villars -​ Gryon / Les Diablerets,Switzerland,-0.3153064441163609,-0.10560620937673365,3,Mid-Size Resort,54.0,8.395348837209305,51,45,4,100,896,0,4,9,33,Large
Verbier (4 Vallées),Switzerland,5.4752096278023465,3.4691993769626204,2,Large Resort,66.0,12.388888888888886,107,202,103,412,2509,0,19,17,75,Very Large
Nendaz (4 Vallées),Switzerland,5.4752096278023465,3.4691993769626204,2,Large Resort,66.0,12.388888888888886,107,202,103,412,2509,0,19,17,75,Very Large
Thyon (4 Vallées),Switzerland,5.4752096278023465,3.4691993769626204,2,Large Resort,66.0,12.388888888888886,107,202,103,412,2509,0,19,17,75,Very Large
Veysonnaz (4 Vallées),Switzerland,5.4752096278023465,3.4691993769626204,2,Large Resort,66.0,12.388888888888886,107,202,103,412,2509,0,19,17,75,Very Large
Ischgl,Austria,3.465121657181491,0.07742715485357471,2,Large Resort,52.0,-1.6111111111111143,47,142,49,238,1495,1200,7,25,45,Very Large
Kleine Scheidegg / ​Männlichen-Grindelwald / ​Wengen,Switzerland,0.24127201746044066,0.8178077033732045,3,Mid-Size Resort,55.0,9.395348837209305,33,56,13,102,1376,0,6,10,26,Very Large
Kranjska Gora,Slovenia,-1.5877172159859168,-0.6506865822022804,0,Small/Budget Resort,33.0,-3.2105263157894726,10,8,2,20,415,0,0,5,20,Small
Kuühtai,Austria,-1.1243883854714631,-0.3469494148782844,0,Small/Budget Resort,37.0,0.7894736842105274,6,26,8,41,582,80,1,5,12,Medium
La Grave - La Meije,France,-0.882707500317989,1.921789940765944,3,Mid-Size Resort,49.0,3.395348837209305,3,0,0,3,2064,0,2,0,3,Small
Espace San Bernardo – La Rosière/​La Thuile,France,0.8200544795579815,0.8720993279363174,3,Mid-Size Resort,43.0,-2.604651162790695,55,83,22,160,1465,0,1,18,40,Very Large
La Thuile / La Rosière - Espace San Bernardo,Italy,0.8200544795579815,0.8720993279363174,3,Mid-Size Resort,43.0,-2.604651162790695,55,83,22,160,1465,0,1,18,40,Very Large
La Tania-Val Thorens/​Les Menuires/​Méribel (Les 3 Vallées),France,11.068588544433377,-1.7997051974014002,1,Mega-Resort,61.0,3.3333333333333357,312,216,72,600,2120,2383,40,63,165,Very Large
The Lecht,United Kingdom,-1.8533661199835985,-0.9370265759916029,0,Small/Budget Resort,33.0,-3.2105263157894726,5,9,4,18,138,0,0,1,13,Small
Les Deux alpes,France,2.36109197204751,1.6408802577083008,2,Large Resort,49.0,-4.611111111111114,110,56,34,200,2280,224,7,21,54,Very Large
Les Contamines-​Hauteluce,France,0.2356094284246959,0.7722930402248912,3,Mid-Size Resort,39.0,-6.604651162790695,40,60,20,120,1273,0,4,8,24,Very Large
Les Orres,France,-0.1410496127323363,0.33594107369690435,3,Mid-Size Resort,35.0,-10.604651162790695,30,60,10,100,1170,190,0,9,20,Large
Courmayeur / Chécrouit -​ Val Veny,Italy,-0.07568052880424364,0.7326506935739963,3,Mid-Size Resort,46.0,0.3953488372093048,16,21,4,41,1550,280,6,8,18,Medium
Zermatt - Matterhorn,Switzerland,4.847050739441216,1.264094877154577,2,Large Resort,81.0,27.388888888888886,75,220,27,322,2337,1060,20,22,63,Very Large
Mayrhofen-Penken/​Ahorn/​Rastkogel/​Eggalm,Austria,1.656340773138962,1.337590046908076,3,Mid-Size Resort,52.0,6.395348837209305,40,66,30,136,1870,286,9,17,57,Very Large
Nevis Range,United Kingdom,-1.4956058278110624,-0.35712680372123007,0,Small/Budget Resort,36.0,-0.21052631578947256,7,10,3,20,564,0,1,3,12,Small
Obertauern,Austria,-0.021532882351929225,-0.949071321980035,0,Small/Budget Resort,46.0,9.789473684210527,61,35,4,100,683,280,2,18,31,Large
Levi,Finland,-1.2503749559929835,-0.9977603898917692,0,Small/Budget Resort,43.0,6.789473684210527,15,19,2,37,325,267,2,2,29,Medium
Ruka,Finland,-1.6582310539930467,-1.0404719447418727,0,Small/Budget Resort,43.0,6.789473684210527,9,7,2,18,201,70,0,5,22,Small
Saalbach Hinterglemm Leogang Fieberbrunn (Skicircus),Austria,4.038422191281762,-0.8879371067764532,2,Large Resort,53.0,-0.6111111111111143,140,112,18,270,1266,927,28,22,71,Very Large
Fieberbrunn - Saalbach Hinterglemm Leogang (Skicircus),Austria,4.038422191281762,-0.8879371067764532,2,Large Resort,53.0,-0.6111111111111143,140,112,18,270,1266,927,28,22,71,Very Large
Saas-Fee,Switzerland,0.5560556909849779,1.627628887491737,3,Mid-Size Resort,63.0,17.395348837209305,20,60,20,100,1773,102,9,2,25,Large
Sainte-Foy-Tarentaise,France,-1.0300550986655046,0.4341697860447856,0,Small/Budget Resort,31.0,-5.210526315789473,10,25,6,41,1070,10,0,4,6,Medium
Val Senales Glacier,Italy,-0.840532517182334,0.6330895804713967,3,Mid-Size Resort,44.0,-1.6046511627906952,8,7,11,27,1201,0,2,6,14,Medium
Serfaus-Fiss-Ladis,Austria,2.9924339091978616,0.07412016547850174,2,Large Resort,49.0,-4.611111111111114,47,123,28,198,1620,1250,12,16,68,Very Large
Serre Chevalier-Briançon/​Chantemerle/​Villeneuve-la-Salle/​Le Monêtier-les-Bains,France,2.6611346588209814,0.15770130857543965,2,Large Resort,49.0,-4.611111111111114,138,80,32,250,1600,575,7,21,61,Very Large
Sestriere ski resort (Via Lattea),Italy,4.379574189331832,1.27654455954212,2,Large Resort,48.0,-5.611111111111114,96,220,84,400,1377,0,7,35,71,Very Large
Silvretta Montafon,Austria,1.2259580014149891,0.6384760176194406,3,Mid-Size Resort,53.0,7.395348837209305,60,45,8,113,1730,330,10,18,53,Very Large
Wagrain (Ski amedé),Austria,1.1751110864096532,-0.16535368268564687,3,Mid-Size Resort,52.0,6.395348837209305,30,81,4,115,1240,600,11,16,49,Very Large
Flachau (Ski amedé),Austria,1.1751110864096532,-0.16535368268564687,3,Mid-Size Resort,52.0,6.395348837209305,30,81,4,115,1240,600,11,16,49,Very Large
Valchiavenna – Madesimo/​Campodolcino,Italy,-1.0085368440812195,-0.5912719421351362,0,Small/Budget Resort,39.0,2.7894736842105274,13,28,5,48,468,0,3,9,13,Medium
St. Anton (Ski Arlberg),Austria,4.700110770012842,-0.2277269547539123,2,Large Resort,53.0,-0.6111111111111143,130,123,51,304,1541,747,15,45,113,Very Large
Lech (Ski Arlberg),Austria,4.700110770012842,-0.2277269547539123,2,Large Resort,53.0,-0.6111111111111143,130,123,51,304,1541,747,15,45,113,Very Large
Zürs (Ski Arlberg),Austria,4.700110770012842,-0.2277269547539123,2,Large Resort,53.0,-0.6111111111111143,130,123,51,304,1541,747,15,45,113,Very Large
St. Christoph (Ski Arlberg),Austria,4.700110770012842,-0.2277269547539123,2,Large Resort,53.0,-0.6111111111111143,130,123,51,304,1541,747,15,45,113,Very Large
Sierra Nevada-Pradollano,Spain,0.2817048335767428,-0.06632740187897217,3,Mid-Size Resort,47.0,1.3953488372093048,50,49,7,107,1182,350,2,14,21,Very Large
St. Johann in Tirol,Austria,-0.6746961496399304,-0.08391399815024793,0,Small/Budget Resort,44.0,7.789473684210527,16,23,3,43,945,260,4,4,20,Medium
Bad Gastein,Austria,0.7299259830357062,-0.0004991657291986352,3,Mid-Size Resort,52.0,6.395348837209305,30,52,2,86,1440,800,7,9,26,Large
Kronplatz (Plan de Corones),Italy,1.6091906496279924,0.3575826103072737,3,Mid-Size Resort,54.0,8.395348837209305,52,42,25,119,1302,450,21,5,32,Very Large
Gargellen,Austria,-1.2143047280372885,-0.052814263247364726,0,Small/Budget Resort,47.0,10.789473684210527,20,5,2,28,877,83,1,3,9,Medium
Hochschwarzeck,Germany,-1.8986163697819938,-0.6753852484671736,0,Small/Budget Resort,22.0,-14.210526315789473,4,0,0,4,355,0,0,1,4,Small
Arcalís-Ordino (Vallnord),Andorra,-1.2261481518926487,-0.3202591125137334,0,Small/Budget Resort,37.0,0.7894736842105274,13,14,3,30,685,106,1,4,15,Medium
Hemsedal,Norway,-0.8388423104020126,-0.42873650853488277,0,Small/Budget Resort,46.0,9.789473684210527,29,10,4,44,830,325,0,6,21,Medium
Sölden,Austria,1.725872887810035,1.262812654731988,3,Mid-Size Resort,53.0,7.395348837209305,70,44,29,144,1990,363,8,16,36,Very Large
Stubai Glacier,Austria,-0.3993577390876538,0.88549983372361,3,Mid-Size Resort,46.0,0.3953488372093048,19,15,4,38,1515,69,5,7,26,Medium
Elfer Neustift,Austria,-1.4368309982983305,0.49784486083004015,0,Small/Budget Resort,29.0,-7.210526315789473,0,7,0,7,1099,0,1,0,4,Small
Val Gardena,Italy,2.845574950994917,-0.511802717719664,2,Large Resort,54.0,0.38888888888888573,52,105,18,175,1282,630,14,41,84,Very Large
Val Thorens (Les 3 Vallées),France,11.068588544433377,-1.7997051974014002,1,Mega-Resort,61.0,3.3333333333333357,312,216,72,600,2120,2383,40,63,165,Very Large
Montgenèvre (Via Lattea),France,4.379574189331832,1.27654455954212,2,Large Resort,48.0,-5.611111111111114,96,220,84,400,1377,0,7,35,71,Very Large
Sauze d’Oulx (Via Lattea),Italy,4.379574189331832,1.27654455954212,2,Large Resort,48.0,-5.611111111111114,96,220,84,400,1377,0,7,35,71,Very Large
Gressoney - La-Trinite (Monterosa Ski),Italy,1.7970078490057264,1.3602699147313981,3,Mid-Size Resort,43.0,-2.604651162790695,23,94,15,132,2063,655,12,9,30,Very Large
Champoluc (Monterosa Ski),Italy,1.7970078490057264,1.3602699147313981,3,Mid-Size Resort,43.0,-2.604651162790695,23,94,15,132,2063,655,12,9,30,Very Large
Zauchensee,Austria,-0.5921390876556559,0.3539859176629863,3,Mid-Size Resort,52.0,6.395348837209305,23,16,4,44,1188,113,4,6,19,Medium
