Resort,Country,Actual_DayPassPrice,Predicted_DayPassPrice,Prediction_Error,Absolute_Error,BeginnerSlope,IntermediateSlope,DifficultSlope,TotalSlope
Alpendorf (Ski amedé),Austria,52.0,50.35980731034691,1.640192689653091,1.640192689653091,30,81,4,115
Soldeu-Pas de la Casa/​Grau Roig/​El Tarter/​Canillo/​Encamp (Grandvalira),Andorra,47.0,47.54306875706308,-0.5430687570630823,0.5430687570630823,100,77,33,210
Oberau (Wildschönau),Austria,30.0,32.03139578341243,-2.031395783412428,2.031395783412428,1,0,1,2
Dachstein West,Austria,42.0,43.40385258276202,-1.4038525827620205,1.4038525827620205,15,33,3,51
Rosa Khutor,Southern Russia,22.0,34.40776182445124,-12.407761824451242,12.407761824451242,30,26,21,77
Białka Tatrzańska-Kotelnica-​Kaniówka-​Bania,Poland,23.0,29.957203506011684,-6.957203506011684,6.957203506011684,12,3,0,16
Vitosha-Sofia,Bulgaria,18.0,30.673306968000624,-12.673306968000624,12.673306968000624,12,6,2,20
Szczyrk-Skrzyczne,Poland,20.0,32.66302593059186,-12.663025930591857,12.663025930591857,22,7,4,35
Jahorina,Bosnia and Herzegovina,20.0,30.586793138456578,-10.586793138456578,10.586793138456578,3,19,3,25
Kobla-Bohinj,Slovenia,22.0,30.92273814505209,-8.92273814505209,8.92273814505209,12,10,1,23
Aillons-Margériaz,France,19.0,30.524691860248232,-11.524691860248232,11.524691860248232,18,4,1,24
Gornaya Karusel,Southern Russia,22.0,29.380291932227994,-7.380291932227994,7.380291932227994,4,15,1,20
Kaiseregg-​Riggisalp-Schwarzsee,Switzerland,34.0,40.95841202693013,-6.958412026930127,6.958412026930127,14,5,1,20
St. Pierre de Chartreuse-Le Planolet,France,21.0,34.24916770189934,-13.249167701899339,13.249167701899339,18,12,5,35
Buchenberg-Buching-Halblech-,Germany,25.0,26.544559795603504,-1.5445597956035044,1.5445597956035044,2,4,0,6
Méribel (Les 3 Vallées),France,61.0,60.96428571428571,0.035714285714291805,0.035714285714291805,312,216,72,600
​Les Menuires (Les 3 Vallées),France,61.0,60.96428571428571,0.035714285714291805,0.035714285714291805,312,216,72,600
Les Sybelles-Le Corbier-​La Toussuire-​Les Bottières-​St Colomban des Villards-​St Sorlin-​St Jean d’Arves,France,44.0,44.08064989824926,-0.08064989824926272,0.08064989824926272,53,239,18,310
Le Grand Massif-Flaine-​Les Carroz-​Morillon-​Samoëns-​Sixt,France,47.0,48.29759170479934,-1.2975917047993377,1.2975917047993377,135,95,35,265
Megève-​Saint-Gervais,France,46.0,45.92527884569072,0.07472115430928028,0.07472115430928028,98,134,31,263
Laax-​Flims-​Falera,Switzerland,68.0,64.4107045250896,3.5892954749104007,3.5892954749104007,88,81,19,188
Vars-​Risoul-La Forêt Blanche,France,39.0,42.69841616843741,-3.6984161684374115,3.6984161684374115,75,90,20,185
Kicking Horse,France,39.0,43.28834751313438,-4.288347513134383,4.288347513134383,56,93,30,180
Le Grand Domaine-Valmorel-​Doucy-​Celliers-​St François Longchamp,France,44.0,37.86673365652859,6.133266343471412,6.133266343471412,115,35,15,165
Galibier Thabor-Valmeinier-​Valloire,France,39.0,42.00885042121714,-3.00885042121714,3.00885042121714,75,60,15,150
Zillertal Arena-Zell am Ziller-​Gerlos-​Königsleiten-​Hochkrimml,Austria,52.0,50.27594197633452,1.724058023665478,1.724058023665478,43,89,11,143
La Molina-​Masella-Alp2500,Spain,45.0,44.33860495739032,0.6613950426096835,0.6613950426096835,76,47,18,141
Auron-Saint-Etienne-de-Tinée-,France,34.0,38.83547347038481,-4.835473470384812,4.835473470384812,60,45,30,135
Alta Badia,Italy,52.0,45.06255455113853,6.937445448861467,6.937445448861467,70,52,8,130
La Clusaz-​Manigod,France,37.0,37.95210111057099,-0.9521011105709931,0.9521011105709931,62,40,23,125
Espace Villard Corrençon-Villard-de-Lans-​Corrençon-en-Vercors,France,36.0,38.54894073228957,-2.548940732289573,2.548940732289573,50,50,25,125
Val Cenis-Lanslevillard-​Lanslebourg-​Termignon,France,36.0,37.5955156128698,-1.5955156128697965,1.5955156128697965,73,42,10,125
Isola 2000,France,34.0,35.84323127205579,-1.8432312720557888,1.8432312720557888,75,35,10,120
Obersaxen-​Mundaun-​Val Lumnezia,Switzerland,51.0,52.56194662880905,-1.5619466288090535,1.5619466288090535,60,40,20,120
Les 7 Laux-Prapoutel-​Le Pleynet-​Pipay,France,36.0,37.14764119823117,-1.1476411982311703,1.1476411982311703,46,36,38,120
Corvatsch-​Furtschellas,Switzerland,69.0,66.06420634920636,2.9357936507936415,2.9357936507936415,13,89,17,120
Nassfeld-Hermagor,Austria,46.0,50.15631705060665,-4.156317050606653,4.156317050606653,30,69,11,110
Mondolè Ski-Artesina-​Frabosa Soprana-​Prato Nevoso,Italy,33.0,43.95531763379772,-10.95531763379772,10.95531763379772,42,51,11,105
Aletsch Arena-Riederalp-​Bettmeralp-​Fiesch Eggishorn,Switzerland,53.0,53.37746945002082,-0.37746945002081844,0.37746945002081844,42,50,12,104
Bad Kleinkirchheim-​St. Oswald,Austria,47.0,49.282770478816744,-2.2827704788167438,2.2827704788167438,18,77,8,103
Bardonecchia,Italy,36.0,42.483954273273426,-6.483954273273426,6.483954273273426,54,38,8,100
Saint-Lary-Soulan,France,42.0,35.64845791213732,6.351542087862683,6.351542087862683,60,30,10,100
Orcières Merlette 1850,France,34.0,36.59713935366407,-2.597139353664069,2.597139353664069,55,38,7,100
Dévoluy-Superdévoluy-​La Joue du Loup,France,36.0,35.64845791213732,0.3515420878626827,0.3515420878626827,60,30,10,100
Grand Tourmalet-​Pic du Midi-La Mongie-​Barèges,France,42.0,35.704391986341506,6.295608013658494,6.295608013658494,58,35,7,100
Parsenn (Davos Klosters),Switzerland,61.0,58.46715474153983,2.5328452584601706,2.5328452584601706,20,60,16,96
Åre,Sweden,45.0,42.10540373180593,2.8945962681940713,2.8945962681940713,45,38,8,91
Alto Sangro-Roccaraso-​Rivisondoli,Italy,41.0,41.85468021226328,-0.8546802122632826,0.8546802122632826,37,32,20,90
Chamrousse,France,34.0,35.704391986341506,-1.7043919863415056,1.7043919863415056,45,35,10,90
Valberg-​Beuil les Launes,France,32.0,35.704391986341506,-3.7043919863415056,3.7043919863415056,45,35,10,90
Adelboden-​Lenk-Chuenisbärgli-​Silleren-​Hahnenmoos-​Metsch,Switzerland,55.0,51.89937100021426,3.100628999785741,3.100628999785741,44,38,6,88
Rinderberg-​Saanerslochgrat-​Horneggli-Zweisimmen-​Saanenmöser-​Schönried-​St. Stephan,Switzerland,54.0,51.43964662796991,2.560353372030093,2.560353372030093,62,21,4,88
Graukogel-Bad Gastein,Austria,36.0,34.78181327508524,1.2181867249147587,1.2181867249147587,3,6,2,11
Les Portes du Mont-Blanc-Combloux-​Megève le Jaillet-​La Giettaz,France,35.0,37.4981720017271,-2.4981720017270987,2.4981720017270987,28,50,7,85
Le Grand Bornand,France,37.0,35.71389177409281,1.286108225907192,1.286108225907192,49,27,8,84
Kaltenbach-Hochzillertal-​Hochfügen-SKi-optimal-,Austria,52.0,48.407319313638745,3.5926806863612555,3.5926806863612555,28,41,13,83
Grimentz-​Zinal,Switzerland,51.0,49.76504698613481,1.2349530138651872,1.2349530138651872,26,28,26,80
Civetta-Alleghe-​Selva di Cadore-​Palafavera-​Zoldo,Italy,43.0,44.09832899743408,-1.0983289974340806,1.0983289974340806,30,44,6,80
Ax les Thermes,France,37.0,36.40016448043066,0.5998355195693392,0.5998355195693392,40,25,15,80
Damüls Mellau,Austria,49.0,47.851203538033005,1.1487964619669953,1.1487964619669953,37,39,1,79
Zell am See,Austria,50.0,44.17424635510706,5.8257536448929415,5.8257536448929415,30,28,19,77
Cerler,Spain,42.0,40.342171115606575,1.6578288843934246,1.6578288843934246,35,27,14,76
Three Peaks Dolomites-Helm-​Stiergarten-​Rotwand-​Kreuzbergpass,Italy,51.0,44.85045753454001,6.149542465459987,6.149542465459987,17,39,18,75
Puy St. Vincent,France,34.0,36.17232441972486,-2.172324419724859,2.172324419724859,28,34,13,75
Folgaria-​Fiorentini,Italy,40.0,40.75218064866962,-0.7521806486696221,0.7521806486696221,36,32,5,74
Titlis-Engelberg,Switzerland,57.0,52.37826667214142,4.621733327858578,4.621733327858578,34,26,12,72
Trysil,Norway,46.0,40.789078930641594,5.210921069358406,5.210921069358406,33,18,20,71
Nauders am Reschenpass-Bergkastel,Austria,42.0,43.85145508390487,-1.8514550839048667,1.8514550839048667,24,34,13,71
Grossarltal-​Dorfgastein,Austria,50.0,48.191841113119565,1.8081588868804346,1.8081588868804346,25,43,1,70
Katschberg,Austria,46.0,47.36670359672493,-1.366703596724932,1.366703596724932,10,50,10,70
Valfréjus,France,29.0,35.17250472295463,-6.172504722954628,6.172504722954628,40,20,10,70
Savognin,Switzerland,50.0,48.10446197119689,1.8955380288031094,1.8955380288031094,32,38,0,70
Scuol-Motta Naluns,Switzerland,50.0,49.67452419161217,0.32547580838782864,0.32547580838782864,27,32,11,70
Passo San Pellegrino-​Falcade,Italy,47.0,42.88068587500503,4.119314124994972,4.119314124994972,20,38,8,67
Piau Engaly,France,37.0,35.45481417002575,1.5451858299742511,1.5451858299742511,35,22,8,65
Flumserberg,Switzerland,51.0,49.736827702566025,1.2631722974339752,1.2631722974339752,10,38,17,65
Super Sauze,France,30.0,35.17250472295463,-5.172504722954628,5.172504722954628,35,20,10,65
Bukovel,Ukraine,32.0,34.68252787530211,-2.6825278753021067,2.6825278753021067,26,28,11,65
La Norma,France,29.0,38.140476821482665,-9.140476821482665,9.140476821482665,17,43,5,65
Pal-​Arinsal-La Massana-Vallnord-,Andorra,37.0,38.86743933811547,-1.8674393381154673,1.8674393381154673,31,24,8,63
Arabba,Italy,49.0,40.02917615029902,8.970823849700977,8.970823849700977,32,22,8,62
Wildkogel-Neukirchen-​Bramberg,Austria,44.0,43.12595430603763,0.8740456939623726,0.8740456939623726,28,25,9,62
Hintertux Glacier,Austria,52.0,44.91354921680609,7.086450783193911,7.086450783193911,14,35,11,60
Disentis 3000,Switzerland,49.0,48.886009006837796,0.11399099316220429,0.11399099316220429,20,30,10,60
Belalp-Blatten,Switzerland,49.0,49.14817749225742,-0.1481774922574175,0.1481774922574175,20,20,20,60
San Martino di Castrozza,Italy,44.0,41.52822442087749,2.4717755791225073,2.4717755791225073,16,32,12,60
Meiringen-Hasliberg,Switzerland,50.0,49.0808127008433,0.9191872991566967,0.9191872991566967,20,34,6,60
Toggenburg-Wildhaus-​Unterwasser-​Alt St. Johann,Switzerland,52.0,50.175407943950276,1.824592056049724,1.824592056049724,10,45,5,60
Alpe di Siusi-Seiser Alm-,Italy,54.0,44.827935476317215,9.172064523682785,9.172064523682785,14,45,1,60
Le Lioran,France,31.0,35.17250472295463,-4.172504722954628,4.172504722954628,30,20,10,60
Saint Luc-​Chandolin-Anniviers-,Switzerland,47.0,48.886009006837796,-1.8860090068377957,1.8860090068377957,20,30,10,60
Les Karellis,France,27.0,35.45481417002575,-8.454814170025749,8.454814170025749,26,25,9,60
Peyragudes,France,40.0,35.51619501483355,4.483804985166451,4.483804985166451,30,26,4,60
Leysin,Switzerland,45.0,48.574332983267844,-3.574332983267844,3.574332983267844,43,15,2,60
Ponte di Legno-Passo ​Tonale-​Presena Glacier-​Temù-Pontedilegno-Tonale-,Italy,42.0,44.09733324491276,-2.097333244912761,2.097333244912761,10,40,9,59
Eggli-​La Videmanette-Gstaad-​Saanen-​Rougemont,Switzerland,54.0,50.16253151955267,3.8374684804473276,3.8374684804473276,35,17,5,58
Anzère,Switzerland,46.0,48.53968649434724,-2.5396864943472366,2.5396864943472366,12,37,9,58
Borovets,Bulgaria,28.0,34.717510749862186,-6.7175107498621855,6.7175107498621855,24,29,5,58
Font-Romeu-​Bolquère Pyrénées 2000,France,38.0,35.228546389621286,2.771453610378714,2.771453610378714,30,19,9,58
Oppdal,Norway,44.0,40.238473363799535,3.7615266362004647,3.7615266362004647,40,7,9,56
Brévent-​Flégère-Chamonix-,France,51.0,38.956531847021736,12.043468152978264,12.043468152978264,11,25,20,56
Les Houches-​Saint-Gervais-Prarion-​Bellevue-Chamonix-,France,43.0,35.50850006746164,7.49149993253836,7.49149993253836,25,25,5,55
Ylläs,Finland,42.0,34.717510749862186,7.2824892501378145,7.2824892501378145,21,28,6,55
Belvedere-​Col Rodella-​Ciampac-​Buffaure-Canazei-​Campitello-​Alba-​Pozza di Fassa,Italy,48.0,44.012262846561114,3.9877371534388857,3.9877371534388857,7,40,7,55
Lauchernalp-Lötschental,Switzerland,48.0,48.88840519218907,-0.8884051921890688,0.8884051921890688,20,17,18,55
Grossglockner Heiligenblut,Austria,44.0,42.999495390572626,1.0005046094273737,1.0005046094273737,20,34,1,55
Brandnertal-Brand-​Bürserberg,Austria,46.0,43.371095028827284,2.628904971172716,2.628904971172716,22,30,3,55
Alpe du Grand-Serre-La Morte,France,27.0,34.46042128789519,-7.460421287895187,7.460421287895187,36,17,2,55
Les Angles,France,38.0,35.60214590079498,2.39785409920502,2.39785409920502,22,23,10,55
Kopaonik,Serbia,30.0,33.0581326268273,-3.0581326268273017,3.0581326268273017,30,19,6,55
Aussois,France,29.0,35.086976995407426,-6.086976995407426,6.086976995407426,30,22,3,55
First-Grindelwald,Switzerland,55.0,47.3778076712709,7.622192328729099,7.622192328729099,30,15,8,53
Sörenberg-Rothorn-​Dorf,Switzerland,44.0,47.3778076712709,-3.377807671270901,3.377807671270901,30,15,8,53
Riserva Bianca-Limone Piemonte,Italy,34.0,41.47610443232459,-7.47610443232459,7.47610443232459,11,35,5,52
Gitschberg Jochtal,Italy,46.0,40.264007056219086,5.735992943780914,5.735992943780914,17,25,9,51
Schilthorn-Mürren-​Lauterbrunnen,Switzerland,55.0,49.51419575419814,5.485804245801859,5.485804245801859,19,23,9,51
Pila,Italy,42.0,41.21901138624324,0.7809886137567617,0.7809886137567617,8,35,6,50
Brigels-​Waltensburg-​Andiast,Switzerland,49.0,48.924600744907075,0.07539925509292544,0.07539925509292544,13,33,3,50
Aprica,Italy,38.0,39.44356428145517,-1.443564281455167,1.443564281455167,28,14,7,50
Bormio-Cima Bianca,Italy,40.0,41.04397645477344,-1.0439764547734427,1.0439764547734427,14,34,2,50
Sedrun-Oberalp,Switzerland,53.0,48.73244639526399,4.267553604736008,4.267553604736008,10,35,5,50
Grosseck-​Speiereck-Mauterndorf-​St. Michael,Austria,41.0,42.97691661624581,-1.9769166162458092,1.9769166162458092,26,17,7,50
Hirmentaz-​Les Habères-Bellevaux-​Habère-Poche,France,24.0,34.57175088166964,-10.571750881669637,10.571750881669637,30,17,3,50
Pragelato,Italy,43.0,40.97336572125636,2.026634278743643,2.026634278743643,14,32,4,50
Porté Puymorens,France,30.0,35.241919787057185,-5.241919787057185,5.241919787057185,21,20,9,50
Mythenregion,Switzerland,39.0,44.74688449238448,-5.746884492384481,5.746884492384481,18,31,1,50
Candanchú,Spain,41.0,39.784562167109684,1.2154378328903164,1.2154378328903164,15,18,15,50
Zugspitze,Germany,45.0,37.030522462271875,7.969477537728125,7.969477537728125,7,13,0,20
Lindvallen-​Högfjället-Sälen-,Sweden,41.0,38.75357710733128,2.2464228926687184,2.2464228926687184,22,17,3,42
Jasná Nízke Tatry-Chopok,Slovakia,39.0,39.02006011528294,-0.02006011528293783,0.02006011528293783,19,17,7,44
Tandådalen-​Hundfjället-Sälen-,Sweden,41.0,39.45602488735725,1.5439751126427481,1.5439751126427481,18,15,12,45
Gazprom Mountain Resort-Laura-– Esto-Sadok-Sotschi-,Southern Russia,32.0,32.27745281378216,-0.2774528137821619,0.2774528137821619,7,10,2,20
Steinplatte-​Winklmoosalm-Waidring-​Reit im Winkl,Austria,46.0,42.86909824478722,3.1309017552127827,3.1309017552127827,18,22,2,42
Rigi,Switzerland,44.0,41.73019245360136,2.2698075463986385,2.2698075463986385,4,4,0,9
Métabief,France,26.0,34.55483635199776,-8.554836351997757,8.554836351997757,19,18,2,40
Latemar-Obereggen-​Pampeago-​Predazzo,Italy,47.0,41.055165798589904,5.944834201410096,5.944834201410096,9,32,7,48
Mariborsko Pohorje-Maribor,Slovenia,31.0,32.667432078604264,-1.6674320786042642,1.6674320786042642,23,13,5,41
Praz de Lys-​Sommand-Taninges-​Mieussy-,France,29.0,35.3537055013429,-6.353705501342901,6.353705501342901,22,16,6,45
Espace Dôle-La Dôle-​Les Tuffes,France,27.0,31.81237622530523,-4.812376225305229,4.812376225305229,17,8,2,28
Kreischberg,Austria,44.0,42.89912568104582,1.1008743189541832,1.1008743189541832,17,16,9,42
Garmisch-Classic-Garmisch-Partenkirchen,Germany,43.0,38.82053599188833,4.1794640081116725,4.1794640081116725,12,18,10,40
Carezza Ski,Italy,41.0,39.06970437956412,1.9302956204358779,1.9302956204358779,21,14,3,40
Pizol-Bad Ragaz-​Wangs,Switzerland,51.0,48.63069377007115,2.3693062299288528,2.3693062299288528,14,21,8,43
SuperBesse-Puy de Sancy,France,32.0,33.94159859498397,-1.9415985949839722,1.9415985949839722,30,9,4,43
Stöten,Sweden,41.0,36.597201131444855,4.402798868555145,4.402798868555145,26,3,3,32
Fellhorn-​Kanzelwand-Oberstdorf-​Riezlern,Austria,45.0,42.89067440710572,2.1093255928942796,2.1093255928942796,13,19,2,34
Idre Fjäll,Sweden,40.0,38.887335793569925,1.1126642064300754,1.1126642064300754,17,22,2,41
Großglockner Resort Kals-Matrei,Austria,47.0,42.5183953983929,4.481604601607103,4.481604601607103,8,22,6,37
Pamporovo,Bulgaria,28.0,31.171300259780832,-3.171300259780832,3.171300259780832,17,6,5,29
Abetone-​Val di Luce,Italy,30.0,39.63985971076328,-9.639859710763282,9.639859710763282,14,28,1,44
Gerlitzen,Austria,45.0,42.86263166822848,2.137368331771519,2.137368331771519,10,27,3,41
Paganella-Andalo,Italy,40.0,39.36613977118726,0.6338602288127433,0.6338602288127433,9,22,1,33
Melchsee-Frutt-Kerns-,Switzerland,44.0,47.0793781422961,-3.0793781422961004,3.0793781422961004,20,6,10,36
Vall de Núria,Spain,30.0,29.73060195088636,0.26939804911364007,0.26939804911364007,4,2,1,7
Arêches-Beaufort-,France,29.0,36.252850958882775,-7.2528509588827745,7.2528509588827745,15,20,15,50
Špindlerův Mlýn,Czech Republic,34.0,33.172684161489464,0.8273158385105361,0.8273158385105361,8,13,2,24
Les Mosses-​La Lécherette,Switzerland,31.0,38.36106740623078,-7.361067406230781,7.361067406230781,10,30,0,40
Cimone-Montecreto-​Sestola-​Le Polle,Italy,35.0,40.264007056219086,-5.264007056219086,5.264007056219086,15,25,10,50
Luchon Superbagnères,France,34.0,34.08738495119312,-0.08738495119312262,0.08738495119312262,16,10,6,32
Lélex-​Crozet,France,28.0,32.5603244015972,-4.5603244015971995,4.5603244015971995,16,7,4,28
Alpika Service,Southern Russia,22.0,32.6985845324508,-10.698584532450802,10.698584532450802,10,10,5,25
Sinaia,Romania,32.0,31.98782047650864,0.012179523491358424,0.012179523491358424,3,11,4,20
Gourette-Eaux Bonnes-,France,38.0,34.52833327799975,3.4716667220002506,3.4716667220002506,18,13,4,35
Rauriser Hochalmbahnen-Rauris,Austria,43.0,42.01738460574111,0.9826153942588931,0.9826153942588931,15,12,5,32
Hoch-Ybrig-Unteriberg-​Oberiberg,Switzerland,46.0,47.922918729060015,-1.9229187290600152,1.9229187290600152,15,30,5,50
Meran 2000,Italy,39.0,40.08538473166159,-1.0853847316615912,1.0853847316615912,12,25,3,40
Nätschen-Andermatt,Switzerland,44.0,45.96369975333322,-1.9636997533332234,1.9636997533332234,8,5,8,21
Albiez-Montrond,France,25.0,32.73772561400035,-7.737725614000347,7.737725614000347,25,7,3,35
Tarvisio-Monte Lussari,Italy,35.0,38.7066255724515,-3.7066255724515003,3.7066255724515003,9,11,5,25
Mount Parnassos-Fterolakka-​Kellaria,Greece,30.0,33.02976618393929,-3.0297661839392873,3.0297661839392873,18,15,3,36
Moelltal Glacier-Mölltaler Gletscher-,Austria,47.0,38.19145050026238,8.808549499737623,8.808549499737623,5,7,4,17
Wendelstein-Brannenburg-​Osterhofen,Germany,35.0,34.08524105066554,0.9147589493344626,0.9147589493344626,0,7,4,11
Glenshee,United Kingdom,33.0,32.200750381206575,0.799249618793425,0.799249618793425,24,10,2,36
Sulden am Ortler-Solda all'Ortles-,Italy,41.0,40.710360828819546,0.289639171180454,0.289639171180454,17,13,14,44
Poiana Brașov,Romania,32.0,30.750418241266694,1.2495817587333065,1.2495817587333065,5,2,5,13
Hinterstoder-Höss,Austria,44.0,42.730544583182024,1.2694554168179764,1.2694554168179764,12,18,10,40
St. Jean Montclar,France,28.0,34.94035728705719,-6.940357287057189,6.940357287057189,25,20,5,50
Port del Comte,Spain,33.0,38.65350803668509,-5.653508036685089,5.653508036685089,20,15,5,40
Tänndalen,Sweden,41.0,38.471191695400094,2.528808304599906,2.528808304599906,20,15,3,38
Feldberg-Seebuck-​Grafenmatt-​Fahl,Germany,35.0,37.72316719504796,-2.7231671950479566,2.7231671950479566,7,14,5,26
Pitztal Glacier-Pitztaler Gletscher-,Austria,48.0,37.7608260600439,10.239173939956103,10.239173939956103,3,16,0,20
Tauplitz-Bad Mitterndorf,Austria,41.0,42.800048300093444,-1.8000483000934437,1.8000483000934437,18,18,6,42
Hochoetz-Oetz,Austria,37.0,42.84042786120913,-5.840427861209129,5.840427861209129,12,21,3,36
Rosshütte-Seefeld,Austria,44.0,40.42434449878701,3.5756555012129922,3.5756555012129922,10,9,1,20
Malbun,Liechtenstein,42.0,32.8781495405636,9.121850459436402,9.121850459436402,11,9,3,23
Špičák,Czech Republic,23.0,29.098226375671686,-6.098226375671686,6.098226375671686,3,3,0,8
Riesneralm-Donnersbachwald,Austria,40.0,41.9782301939764,-1.978230193976401,1.978230193976401,15,12,3,30
Berwang-​Bichlbach-​Rinnen,Austria,42.0,41.379283709309234,0.6207162906907655,0.6207162906907655,24,10,1,36
Glungezer-Tulfes,Austria,30.0,39.458308020699434,-9.458308020699434,9.458308020699434,7,15,0,23
Fanningberg,Austria,41.0,40.44562001839271,0.5543799816072905,0.5543799816072905,11,5,7,24
Turracher Höhe,Austria,45.0,42.91000733569631,2.0899926643036935,2.0899926643036935,14,24,3,42
Indoor ski area Snow Arena-Druskininkai,Lithuania,29.0,30.622497481362352,-1.6224974813623518,1.6224974813623518,1,0,0,1
Niedere-Andelsbuch-​Bezau,Austria,31.0,34.280733233107775,-3.2807332331077745,3.2807332331077745,5,4,1,10
Wurzeralm-Spital am Pyhrn,Austria,41.0,41.164715904354054,-0.16471590435405403,0.16471590435405403,10,10,2,22
Präbichl-Vordernberg,Austria,37.0,39.5007727972769,-2.500772797276902,2.500772797276902,6,11,3,20
Pfelders-Moos in Passeier-,Italy,33.0,36.334044525327286,-3.334044525327286,3.334044525327286,5,9,4,18
Mitterdorf-Almberg-– Mitterfirmiansreut,Germany,23.0,25.618425396897567,-2.6184253968975675,2.6184253968975675,2,2,1,6
Lavarone,Italy,36.0,36.84026096232173,-0.8402609623217288,0.8402609623217288,19,5,2,27
Geißkopf-Bischofsmais,Germany,24.0,27.650739560067052,-3.650739560067052,3.650739560067052,1,5,0,8
Donovaly-Park Snow-,Slovakia,26.0,32.38983417325232,-6.389834173252318,6.389834173252318,5,5,0,11
Sudelfeld-Bayrischzell,Germany,33.0,36.20759036188691,-3.2075903618869077,3.2075903618869077,5,24,3,32
Grüntenlifte-Kranzegg-Rettenberg-,Germany,31.0,31.881629241239683,-0.8816292412396827,0.8816292412396827,2,14,0,16
Grebenzen-St. Lambrecht,Austria,34.0,35.3664796497476,-1.3664796497476033,1.3664796497476033,2,9,0,12
Kirchdorf,Austria,30.0,33.06031005018219,-3.0603100501821885,3.0603100501821885,3,2,0,5
Nebelhorn-Oberstdorf,Germany,44.0,32.65735684328972,11.342643156710281,11.342643156710281,2,5,4,11
Lachtal,Austria,41.0,40.91008018081518,0.08991981918482139,0.08991981918482139,7,16,2,25
Ramsau am Dachstein-Rittisberg,Austria,36.0,40.68226281901532,-4.682262819015321,4.682262819015321,14,10,1,25
Eibenstock,Germany,18.0,25.63662344340878,-7.63662344340878,7.63662344340878,0,0,0,1
Bürchen-​Törbel-Moosalp,Switzerland,39.0,44.70641072864866,-5.706410728648663,5.706410728648663,5,15,5,25
Guzet,France,31.0,34.8859441495621,-3.8859441495621,3.8859441495621,20,14,6,40
Schetteregg-Egg,Austria,32.0,34.01907263731171,-2.0190726373117087,2.0190726373117087,3,6,1,10
Fichtelberg-Oberwiesenthal,Germany,26.0,33.77370788278513,-7.773707882785132,7.773707882785132,6,6,2,15
Bellwald,Switzerland,45.0,48.37357561692421,-3.3735756169242066,3.3735756169242066,9,21,6,36
Klewenalp-​Stockhütte-Beckenried-​Emmetten,Switzerland,45.0,41.975325805827175,3.0246741941728246,3.0246741941728246,15,25,0,40
Schöneck-Skiwelt-,Germany,20.0,24.24367139314423,-4.243671393144229,4.243671393144229,1,1,0,3
Indoor ski area SnowWorld Landgraaf,Netherlands,42.0,31.598028235330606,10.401971764669394,10.401971764669394,0,0,0,1
Štrbské Pleso,Slovakia,35.0,30.892931089000264,4.107068910999736,4.107068910999736,2,5,0,8
Gaissau-Hintersee,Austria,35.0,41.379283709309234,-6.3792837093092345,6.3792837093092345,23,10,0,34
Kellerjoch-Schwaz,Austria,29.0,33.95411197371563,-4.9541119737156265,4.9541119737156265,5,2,2,10
Hochrindl-Sirnitz,Austria,32.0,37.38529836498229,-5.38529836498229,5.38529836498229,5,11,3,20
La Bresse-Hohneck,France,29.0,31.721081547710895,-2.721081547710895,2.721081547710895,13,7,1,21
Silbersattel-Steinach,Germany,19.0,24.400963059810895,-5.400963059810895,5.400963059810895,2,1,0,4
Lammeralm-Langenwang,Austria,29.0,33.773759739946506,-4.773759739946506,4.773759739946506,2,3,2,8
Kitzbüheler Horn,Austria,40.0,39.1785715417747,0.8214284582252986,0.8214284582252986,6,9,2,17
Myrkdalen,Norway,44.0,40.43057465008519,3.569425349914809,3.569425349914809,13,12,4,30
Loser-Altaussee,Austria,40.0,41.9782301939764,-1.978230193976401,1.978230193976401,18,12,3,33
Christlum-Achenkirch,Austria,44.0,41.22586836450971,2.774131635490292,2.774131635490292,6,16,5,27
Grasgehren-Bolgengrat,Germany,25.0,28.713730046244713,-3.713730046244713,3.713730046244713,3,8,0,11
Götschen-Bischofswiesen,Germany,25.0,29.37321473657592,-4.373214736575921,4.373214736575921,2,1,4,8
Torrent-Leukerbad,Switzerland,46.0,49.74774598051514,-3.747745980515141,3.747745980515141,3,26,16,47
Monte Popolo-Eben im Pongau,Austria,36.0,33.03829664691879,2.9617033530812122,2.9617033530812122,4,2,0,6
Jochgrimm-Passo Oclini-,Italy,17.0,30.00285423003291,-13.00285423003291,13.00285423003291,4,2,1,7
Alpe Lusia-Moena-​Bellamonte,Italy,47.0,38.61574015578484,8.384259844215158,8.384259844215158,12,10,4,27
Unternberg-Ruhpolding-,Germany,20.0,24.24367139314423,-4.243671393144229,4.243671393144229,1,1,0,2
Diavolezza-​Lagalb,Switzerland,59.0,53.28493845942107,5.71506154057893,5.71506154057893,0,21,10,31
Kubínska hoľa,Slovakia,26.0,32.34901471688504,-6.349014716885037,6.349014716885037,2,10,2,14
Gålå,Norway,43.0,37.626470564167626,5.373529435832374,5.373529435832374,13,5,1,19
Kvitfjell,Norway,45.0,40.329997610121055,4.670002389878945,4.670002389878945,19,10,5,34
Molines-en-Queyras-​Saint-Véran,France,29.0,33.44221723116479,-4.44221723116479,4.44221723116479,20,12,1,33
Tatranská Lomnica,Slovakia,35.0,32.23870176907114,2.7612982309288583,2.7612982309288583,5,5,1,11
Kanin-Sella Nevea-​Bovec,Slovenia,35.0,29.588802415156522,5.411197584843478,5.411197584843478,4,6,0,10
Postwiesen Skidorf-Neuastenberg,Germany,26.0,26.55434296052124,-0.5543429605212395,0.5543429605212395,3,3,1,8
Oberjoch-Bad Hindelang-– Iseler,Germany,38.0,38.16403287484449,-0.16403287484448725,0.16403287484448725,6,24,2,32
Mönichkirchen-​Mariensee,Austria,35.0,36.21499611473068,-1.2149961147306811,1.2149961147306811,5,6,2,13
Grächen,Switzerland,48.0,48.313034757172986,-0.3130347571729857,0.3130347571729857,9,31,2,42
Puigmal,France,37.0,36.70969335408649,0.2903066459135104,0.2903066459135104,9,15,7,32
Kranzberg-Mittenwald,Germany,29.0,34.52740213428349,-5.527402134283491,5.527402134283491,6,7,2,15
Wetterstein lifts-Wettersteinbahnen-– Ehrwald,Austria,43.0,40.47213355362867,2.527866446371327,2.527866446371327,15,5,3,23
Stuhleck-Spital am Semmering,Austria,42.0,39.716979588988096,2.283020411011904,2.283020411011904,18,6,0,24
Glacier 3000 / Les Diablerets,Switzerland,54.0,49.50035686230975,4.499643137690249,4.499643137690249,9,3,12,25
Rossfeld - Berchtesgaden - Oberau,Germany,20.0,29.245340042505177,-9.245340042505177,9.245340042505177,7,1,0,8
Les Arcs /​ Peisey-Vallandry (Paradiski),France,50.0,47.128812048862216,2.8711879511377845,2.8711879511377845,104,70,26,200
Tignes - ​Val d'Isère,France,56.0,51.36289043513675,4.637109564863252,4.637109564863252,170,78,52,300
Livigno – Carosello/​Mottolino,Italy,46.0,46.28956252956324,-0.28956252956324136,0.28956252956324136,30,65,20,115
Courchevel (Les 3 Vallées),France,61.0,60.96428571428571,0.035714285714291805,0.035714285714291805,312,216,72,600
Les Gets (Les Portes du Soleil),France,51.0,50.97880750417884,0.021192495821161117,0.021192495821161117,310,210,60,580
Avoriaz (Les Portes du Soleil),France,51.0,50.97880750417884,0.021192495821161117,0.021192495821161117,310,210,60,580
Châtel (Les Portes du Soleil),France,51.0,50.97880750417884,0.021192495821161117,0.021192495821161117,310,210,60,580
Kitzbühel / Kirchberg (KitzSki),Austria,55.0,50.90467413749124,4.0953258625087585,4.0953258625087585,101,61,17,179
Obergurgl-Hochgurgl,Austria,50.0,50.01071109772587,-0.010711097725867091,0.010711097725867091,35,55,20,110
Hafjell,Norway,45.0,40.240286426862596,4.759713573137404,4.759713573137404,33,7,4,44
Voss,Norway,43.0,40.14489201913229,2.8551079808677073,2.8551079808677073,25,4,11,40
Kaunertal Glacier (Kaunertaler Gletscher),Austria,43.0,38.92053435876485,4.079465641235153,4.079465641235153,14,4,2,21
Geilosiden Geilo,Norway,44.0,40.382125300139364,3.6178746998606357,3.6178746998606357,18,12,4,34
Ski Juwel Alpbachtal Wildschönau,Austria,46.0,49.00170369097975,-3.0017036909797525,3.0017036909797525,25,53,13,93
Reither Kogel-Reith im Alpbachtal,Austria,46.0,33.75411547883552,12.245884521164477,12.245884521164477,1,3,0,4
Ellmau (SkiWelt Wilder Kaiser-Brixental),Austria,49.0,50.602607966325806,-1.602607966325806,1.602607966325806,122,129,33,284
Westendorf (SkiWelt Wilder Kaiser-Brixental),Austria,49.0,50.602607966325806,-1.602607966325806,1.602607966325806,122,129,33,284
Söll (SkiWelt Wilder Kaiser-Brixental),Austria,49.0,50.602607966325806,-1.602607966325806,1.602607966325806,122,129,33,284
Kitzsteinhorn - Kaprun,Austria,50.0,42.95845668564213,7.041543314357867,7.041543314357867,13,25,3,41
Saint Martin de Belleville (Les 3 Vallées),France,61.0,60.96428571428571,0.035714285714291805,0.035714285714291805,312,216,72,600
La Plagne (Paradiski),France,50.0,48.190850282923364,1.809149717076636,1.809149717076636,139,59,27,225
Schladming (4-Berge-Skischauke),Austria,52.0,50.392154097546644,1.6078459024533558,1.6078459024533558,46,68,8,123
Alpe d'Huez,France,51.0,45.039523937857005,5.960476062142995,5.960476062142995,70,130,50,250
Formigal,Spain,44.0,45.899358226857,-1.8993582268569966,1.8993582268569966,47,70,20,137
Axamer Lizum,Austria,38.0,41.14379558260089,-3.1437955826008874,3.1437955826008874,7,21,2,30
Bansko,Bulgaria,30.0,33.47981716775881,-3.47981716775881,3.47981716775881,20,24,3,48
Baqueira / ​Beret,Spain,50.0,45.58269653087909,4.41730346912091,4.41730346912091,79,52,19,150
Hochkönig-Maria Alm/​Dienten/​Mühlbach,Austria,52.0,48.68298858599089,3.3170114140091087,3.3170114140091087,52,41,19,112
Bonneval sur Arc,France,28.0,33.21716338938709,-5.217163389387089,5.217163389387089,13,11,1,25
Brauneck Lenggries ​Wegscheid,Germany,35.0,38.45738604899934,-3.4573860489993393,3.4573860489993393,8,22,4,34
Brunni - Engelberg,Switzerland,38.0,49.7394903015867,-11.739490301586699,11.739490301586699,2,3,2,7
Madonna di Campiglio-​Pinzolo-​Folgàrida-​Marilleva,Italy,50.0,46.10834542430008,3.891654575699917,3.891654575699917,60,68,22,150
Le Lys - Cauterets,France,37.0,33.938596152281015,3.061403847718985,3.061403847718985,21,12,3,36
Pont d'Espagne - Cauterets,France,35.0,30.348157424617902,4.651842575382098,4.651842575382098,3,1,0,4
Cervinia,Switzerland,81.0,77.78125,3.21875,3.21875,75,220,27,322
Grands Montets-Argentière (Chamonix),France,62.0,40.338448923388476,21.661551076611524,21.661551076611524,6,9,14,29
Balme-​Les Autannes-Vallorcine-​Le Tour,France,51.0,35.792136532680004,15.207863467319996,15.207863467319996,13,16,0,29
Crans-Montana,Switzerland,60.0,60.85989087301588,-0.8598908730158783,0.8598908730158783,55,70,15,140
Rinerhorn (Davos Klosters),Switzerland,48.0,48.493290529204906,-0.4932905292049057,0.4932905292049057,10,22,8,40
Jakobshorn (Davos Klosters),Switzerland,58.0,49.538401197468055,8.461598802531945,8.461598802531945,25,13,2,41
Madrisa (Davos Klosters),Switzerland,52.0,46.28133805865535,5.718661941344649,5.718661941344649,6,9,9,26
Cortina d'Ampezzo,Italy,52.0,46.359224962718315,5.640775037281685,5.640775037281685,45,55,20,120
St. Moritz - Corviglia,Switzerland,69.0,66.5617809139785,2.4382190860215047,2.4382190860215047,42,79,34,155
Espace Diamant-Les Saisies/​Notre-Dame-de-Bellecombe/​Praz sur Arly/​Flumet/​Crest-Voland,France,40.0,40.638799317716014,-0.6387993177160141,0.6387993177160141,132,49,11,192
Fonna Glacier,Norway,42.0,33.44759607581182,8.552403924188177,8.552403924188177,2,2,0,5
Galtür,Austria,40.0,41.87875484587609,-1.878754845876088,1.878754845876088,6,25,12,43
Glencoe Mountain,United Kingdom,35.0,32.90399662036288,2.096003379637118,2.096003379637118,7,10,7,24
Golm,Austria,48.0,41.382841103814094,6.617158896185906,6.617158896185906,13,12,1,26
Grandvalira – Pas de la Casa/​Grau Roig/​Soldeu/​El Tarter/​Canillo/​Encamp,Andorra,47.0,47.54306875706308,-0.5430687570630823,0.5430687570630823,100,77,33,210
El Tarter – Pas de la Casa/​Grau Roig/​Soldeu/​Canillo/​Encamp (Grandvalira),Andorra,47.0,47.54306875706308,-0.5430687570630823,0.5430687570630823,100,77,33,210
Gresse en Vercors,France,19.0,33.028124178019944,-14.028124178019944,14.028124178019944,8,7,5,20
Wasserngrat (Gstaad),Switzerland,54.0,49.42123049766513,4.578769502334872,4.578769502334872,3,3,2,9
Wispile (Gstaad),Switzerland,54.0,46.01492680952321,7.98507319047679,7.98507319047679,3,3,1,8
Heiti - Gsteig (Gstaad),Switzerland,54.0,42.791317453601366,11.208682546398634,11.208682546398634,0,0,0,1
Arosa Lenzerheide,Switzerland,63.0,64.96532738095236,-1.9653273809523597,1.9653273809523597,111,87,27,225
Villars -​ Gryon / Les Diablerets,Switzerland,54.0,52.64223175879048,1.35776824120952,1.35776824120952,51,45,4,100
Verbier (4 Vallées),Switzerland,66.0,65.75066964285715,0.24933035714285268,0.24933035714285268,107,202,103,412
Nendaz (4 Vallées),Switzerland,66.0,65.75066964285715,0.24933035714285268,0.24933035714285268,107,202,103,412
Thyon (4 Vallées),Switzerland,66.0,65.75066964285715,0.24933035714285268,0.24933035714285268,107,202,103,412
Veysonnaz (4 Vallées),Switzerland,66.0,65.75066964285715,0.24933035714285268,0.24933035714285268,107,202,103,412
Ischgl,Austria,52.0,50.90192369279143,1.0980763072085722,1.0980763072085722,47,142,49,238
Kleine Scheidegg / ​Männlichen-Grindelwald / ​Wengen,Switzerland,55.0,55.93775477994228,-0.9377547799422814,0.9377547799422814,33,56,13,102
Kranjska Gora,Slovenia,33.0,32.14028755775223,0.8597124422477691,0.8597124422477691,10,8,2,20
Kuühtai,Austria,37.0,41.6358982504224,-4.6358982504224,4.6358982504224,6,26,8,41
La Grave - La Meije,France,49.0,30.895495387580866,18.104504612419134,18.104504612419134,3,0,0,3
Espace San Bernardo – La Rosière/​La Thuile,France,43.0,42.78383283510408,0.21616716489592136,0.21616716489592136,55,83,22,160
La Thuile / La Rosière - Espace San Bernardo,Italy,43.0,46.081912829117485,-3.081912829117485,3.081912829117485,55,83,22,160
La Tania-Val Thorens/​Les Menuires/​Méribel (Les 3 Vallées),France,61.0,60.96428571428571,0.035714285714291805,0.035714285714291805,312,216,72,600
The Lecht,United Kingdom,33.0,32.524752649062506,0.4752473509374937,0.4752473509374937,5,9,4,18
Les Deux alpes,France,49.0,47.0205936379693,1.9794063620307014,1.9794063620307014,110,56,34,200
Les Contamines-​Hauteluce,France,39.0,42.17036827835999,-3.1703682783599874,3.1703682783599874,40,60,20,120
Les Orres,France,35.0,41.564448959029406,-6.564448959029406,6.564448959029406,30,60,10,100
Courmayeur / Chécrouit -​ Val Veny,Italy,46.0,40.182340389552415,5.817659610447585,5.817659610447585,16,21,4,41
Zermatt - Matterhorn,Switzerland,81.0,77.78125,3.21875,3.21875,75,220,27,322
Mayrhofen-Penken/​Ahorn/​Rastkogel/​Eggalm,Austria,52.0,50.32925109939087,1.6707489006091265,1.6707489006091265,40,66,30,136
Nevis Range,United Kingdom,36.0,32.81254476339631,3.1874552366036895,3.1874552366036895,7,10,3,20
Obertauern,Austria,46.0,44.8465595581804,1.1534404418195976,1.1534404418195976,61,35,4,100
Levi,Finland,43.0,33.43291295779788,9.567087042202118,9.567087042202118,15,19,2,37
Ruka,Finland,43.0,32.18417644664112,10.815823553358882,10.815823553358882,9,7,2,18
Saalbach Hinterglemm Leogang Fieberbrunn (Skicircus),Austria,53.0,51.54980736442489,1.4501926355751067,1.4501926355751067,140,112,18,270
Fieberbrunn - Saalbach Hinterglemm Leogang (Skicircus),Austria,53.0,51.54980736442489,1.4501926355751067,1.4501926355751067,140,112,18,270
Saas-Fee,Switzerland,63.0,60.238270812968395,2.761729187031605,2.761729187031605,20,60,20,100
Sainte-Foy-Tarentaise,France,31.0,36.812962290585084,-5.812962290585084,5.812962290585084,10,25,6,41
Val Senales Glacier,Italy,44.0,38.17843866901481,5.82156133098519,5.82156133098519,8,7,11,27
Serfaus-Fiss-Ladis,Austria,49.0,50.67542844447358,-1.6754284444735816,1.6754284444735816,47,123,28,198
Serre Chevalier-Briançon/​Chantemerle/​Villeneuve-la-Salle/​Le Monêtier-les-Bains,France,49.0,48.727803160010794,0.2721968399892063,0.2721968399892063,138,80,32,250
Sestriere ski resort (Via Lattea),Italy,48.0,47.78168312133016,0.21831687866983884,0.21831687866983884,96,220,84,400
Silvretta Montafon,Austria,53.0,48.29451762377566,4.705482376224339,4.705482376224339,60,45,8,113
Wagrain (Ski amedé),Austria,52.0,50.35980731034691,1.640192689653091,1.640192689653091,30,81,4,115
Flachau (Ski amedé),Austria,52.0,50.35980731034691,1.640192689653091,1.640192689653091,30,81,4,115
Valchiavenna – Madesimo/​Campodolcino,Italy,39.0,40.50464308974116,-1.5046430897411582,1.5046430897411582,13,28,5,48
St. Anton (Ski Arlberg),Austria,53.0,52.07252561835912,0.9274743816408773,0.9274743816408773,130,123,51,304
Lech (Ski Arlberg),Austria,53.0,52.07252561835912,0.9274743816408773,0.9274743816408773,130,123,51,304
Zürs (Ski Arlberg),Austria,53.0,52.07252561835912,0.9274743816408773,0.9274743816408773,130,123,51,304
St. Christoph (Ski Arlberg),Austria,53.0,52.07252561835912,0.9274743816408773,0.9274743816408773,130,123,51,304
Sierra Nevada-Pradollano,Spain,47.0,43.34886210724518,3.651137892754818,3.651137892754818,50,49,7,107
St. Johann in Tirol,Austria,44.0,42.86909824478722,1.1309017552127827,1.1309017552127827,16,23,3,43
Bad Gastein,Austria,52.0,49.62360748980437,2.376392510195629,2.376392510195629,30,52,2,86
Kronplatz (Plan de Corones),Italy,54.0,45.20950037649637,8.790499623503628,8.790499623503628,52,42,25,119
Gargellen,Austria,47.0,40.98586192416316,6.01413807583684,6.01413807583684,20,5,2,28
Hochschwarzeck,Germany,22.0,25.24097575395665,-3.2409757539566506,3.2409757539566506,4,0,0,4
Arcalís-Ordino (Vallnord),Andorra,37.0,38.373677887208956,-1.373677887208956,1.373677887208956,13,14,3,30
Hemsedal,Norway,46.0,40.35499761012105,5.645002389878947,5.645002389878947,29,10,4,44
Sölden,Austria,53.0,48.45363339524896,4.546366604751043,4.546366604751043,70,44,29,144
Stubai Glacier,Austria,46.0,42.50572717216848,3.494272827831523,3.494272827831523,19,15,4,38
Elfer Neustift,Austria,29.0,33.96178156622037,-4.961781566220367,4.961781566220367,0,7,0,7
Val Gardena,Italy,54.0,46.3940742228313,7.6059257771687,7.6059257771687,52,105,18,175
Val Thorens (Les 3 Vallées),France,61.0,60.96428571428571,0.035714285714291805,0.035714285714291805,312,216,72,600
Montgenèvre (Via Lattea),France,48.0,46.712729274187346,1.287270725812654,1.287270725812654,96,220,84,400
Sauze d’Oulx (Via Lattea),Italy,48.0,47.78168312133016,0.21831687866983884,0.21831687866983884,96,220,84,400
Gressoney - La-Trinite (Monterosa Ski),Italy,43.0,45.92536967737675,-2.92536967737675,2.92536967737675,23,94,15,132
Champoluc (Monterosa Ski),Italy,43.0,45.92536967737675,-2.92536967737675,2.92536967737675,23,94,15,132
Zauchensee,Austria,52.0,43.12176322796741,8.878236772032587,8.878236772032587,23,16,4,44
